-214,249,-8,-1,0,0,26,34,-40
-172,249,-7,0,0,0,26,34,-40
-114,249,-7,0,0,1,26,34,-40
-53,249,-7,0,0,1,26,34,-40
1,249,-8,0,0,1,26,34,-40
41,249,-8,0,0,1,39,39,-46
69,249,-7,0,0,1,39,39,-46
93,212,-7,0,0,1,39,39,-46
128,163,-7,0,0,1,39,39,-46
179,107,-8,0,0,1,39,39,-46
233,32,-7,0,0,1,39,39,-46
249,-60,-8,0,0,1,39,39,-46
249,-161,-8,0,0,1,39,39,-46
249,-250,-8,0,0,1,39,39,-46
249,-250,-7,0,0,1,39,39,-46
249,-250,-8,0,0,1,39,39,-46
249,-250,-7,0,0,1,39,39,-46
249,-250,-8,0,0,1,34,35,-48
249,-250,-7,0,0,0,34,35,-48
249,-250,-7,0,0,0,34,35,-48
249,-250,-8,0,0,0,34,35,-48
249,-250,-8,1,0,0,34,35,-48
249,-250,-8,1,0,0,34,35,-48
249,-250,-8,1,0,0,34,35,-48
249,-250,-8,1,0,-1,34,35,-48
249,-250,-8,1,0,-1,34,35,-48
249,-250,-8,0,0,-1,34,35,-48
249,-250,-8,0,0,-1,34,35,-48
249,-169,-8,0,0,-2,34,35,-48
249,-112,-8,0,0,-2,34,35,-48
249,-92,-8,0,0,-1,16,35,-50
249,-77,-8,0,0,-1,16,35,-50
249,-34,-8,-1,0,-1,16,35,-50
238,42,-8,-1,0,-2,16,35,-50
121,145,-8,-1,0,-2,16,35,-50
-6,249,-7,-1,0,-2,16,35,-50
-111,249,-8,-1,0,-2,16,35,-50
-179,249,-8,-1,0,-2,16,35,-50
-217,249,-8,-1,0,-1,16,35,-50
-215,249,-8,-1,0,-1,16,35,-50
-172,249,-8,-1,0,-1,16,35,-50
-129,249,-8,-1,0,0,16,35,-50
-99,249,-8,0,0,0,31,35,-41
-82,249,-8,0,0,0,31,35,-41
-82,249,-8,0,0,0,31,35,-41
-107,249,-7,0,0,0,31,35,-41
-145,249,-8,-1,0,0,31,35,-41
-162,249,-8,-1,0,0,31,35,-41
-130,249,-8,-1,0,0,31,35,-41
-55,249,-7,-1,0,1,31,35,-41
13,249,-7,-1,0,1,31,35,-41
0,233,-7,-1,0,0,31,35,-41
-169,146,-7,0,0,0,31,35,-41
-250,78,-7,0,0,0,31,35,-41
-250,55,-7,0,0,0,42,59,-27
-250,83,-7,0,0,0,42,59,-27
-250,151,-7,0,0,0,42,59,-27
-250,205,-8,0,0,0,42,59,-27
-250,189,-7,0,0,0,42,59,-27
-250,192,-7,0,0,1,42,59,-27
-250,201,-8,0,0,1,42,59,-27
-250,201,-8,0,0,1,42,59,-27
-250,189,-7,0,0,1,42,59,-27
-250,175,-7,0,0,0,42,59,-27
-250,156,-8,0,0,1,42,59,-27
-250,131,-8,0,0,1,42,59,-27
-190,103,-8,0,0,1,42,59,-27
-73,91,-8,0,0,1,46,66,-33
-4,91,-8,0,0,1,46,66,-33
1,107,-8,0,0,0,46,66,-33
-24,138,-8,0,0,0,46,66,-33
-25,164,-8,0,0,0,46,66,-33
-10,171,-7,0,0,0,46,66,-33
-78,155,-7,0,0,0,46,66,-33
-250,110,-8,0,0,0,46,66,-33
-250,57,-8,0,0,0,46,66,-33
-250,58,-8,0,0,1,46,66,-33
-250,45,-8,0,0,1,46,66,-33
-164,17,-8,0,0,1,46,66,-33
-83,-9,-8,0,0,1,46,67,-37
-39,-29,-8,0,0,0,46,67,-37
12,-27,-7,0,0,0,46,67,-37
50,-2,-8,0,0,0,46,67,-37
97,38,-8,0,0,0,46,67,-37
230,82,-7,0,0,0,46,67,-37
203,143,-8,0,0,0,46,67,-37
-196,132,-8,0,0,-1,46,67,-37
-219,90,-8,0,0,0,46,67,-37
-174,81,-8,0,0,1,46,67,-37
-117,82,-8,0,0,1,46,67,-37
-31,89,-8,0,0,1,46,67,-37
37,88,-8,0,0,1,42,55,-30
58,66,-8,0,0,0,42,55,-30
33,22,-8,0,0,0,42,55,-30
-18,-33,-8,0,0,0,42,55,-30
-31,-98,-8,0,0,1,42,55,-30
88,-161,-8,0,0,1,42,55,-30
249,-224,-8,-1,0,1,42,55,-30
249,-250,-8,0,0,1,42,55,-30
249,-250,-7,0,0,1,42,55,-30
249,-250,-8,0,0,1,42,55,-30
210,-250,-8,0,0,0,42,55,-30
144,-250,-7,0,0,0,42,55,-30
108,-250,-8,0,0,0,42,55,-30
121,-250,-8,-1,0,0,25,41,-26
170,-250,-8,-1,0,0,25,41,-26
236,-250,-8,-1,0,0,25,41,-26
249,-250,-8,-1,0,0,25,41,-26
249,-250,-8,-1,0,0,25,41,-26
249,-250,-8,-1,0,0,25,41,-26
249,-250,-8,-1,0,0,25,41,-26
234,-250,-8,-1,0,0,25,41,-26
189,-250,-8,-1,0,0,25,41,-26
145,-250,-8,-1,0,0,25,41,-26
114,-250,-8,-1,0,0,25,41,-26
90,-250,-7,-1,0,0,25,41,-26
64,-250,-8,-1,0,0,20,39,-27
44,-250,-8,-1,0,0,20,39,-27
49,-250,-7,-1,0,0,20,39,-27
67,-250,-8,-1,0,0,20,39,-27
67,-250,-8,-1,0,0,20,39,-27
46,-246,-7,-1,0,0,20,39,-27
13,-227,-8,-1,0,0,20,39,-27
-23,-205,-7,-1,0,0,20,39,-27
-60,-178,-8,-1,0,0,20,39,-27
-89,-148,-7,0,0,0,20,39,-27
-113,-122,-7,0,0,0,20,39,-27
-137,-98,-7,0,0,0,20,39,-27
-161,-74,-8,0,0,0,35,54,-22
-182,-51,-7,0,0,0,35,54,-22
-203,-34,-7,0,0,0,35,54,-22
-233,-20,-8,0,0,0,35,54,-22
-244,0,-7,0,0,0,35,54,-22
-216,35,-7,0,0,0,35,54,-22
-184,80,-7,0,0,0,35,54,-22
-196,115,-7,0,0,0,35,54,-22
-243,124,-7,0,0,0,35,54,-22
-250,115,-7,0,0,0,35,54,-22
-250,91,-7,0,0,0,35,54,-22
-240,57,-7,0,0,0,35,54,-22
-218,5,-7,0,0,1,35,54,-22
-204,-75,-7,0,0,1,9,61,-27
-190,-169,-8,0,0,1,9,61,-27
-159,-249,-7,1,0,1,9,61,-27
-99,-250,-7,1,0,1,9,61,-27
-26,-250,-7,1,0,1,9,61,-27
41,-250,-7,0,-1,1,9,61,-27
66,-250,-7,1,-1,1,9,61,-27
37,-250,-7,1,-1,1,9,61,-27
-6,-250,-7,1,-1,0,9,61,-27
-28,-250,-8,1,-1,0,9,61,-27
-33,-250,-8,1,-1,0,9,61,-27
-26,-250,-8,1,-2,0,9,61,-27
-14,-250,-8,1,-2,0,11,83,-45
-21,-250,-8,1,-2,0,11,83,-45
-8,-250,-7,1,-2,0,11,83,-45
-64,-250,-8,1,-2,0,11,83,-45
-64,-250,-8,1,-2,0,11,83,-45
249,-250,-8,1,-1,1,11,83,-45
249,-250,-8,0,-2,0,11,83,-45
249,-250,-8,0,-1,0,11,83,-45
249,-250,-8,0,-1,0,11,83,-45
249,-250,-8,0,-1,0,11,83,-45
233,-250,-8,0,-1,0,11,83,-45
193,-250,-8,0,0,0,11,83,-45
152,-250,-8,0,0,-1,31,86,-45
107,-250,-8,0,0,-1,31,86,-45
61,-250,-8,0,0,-1,31,86,-45
17,-250,-8,0,0,-1,31,86,-45
-14,-250,-8,0,0,-1,31,86,-45
-33,-250,-8,-1,0,-1,31,86,-45
-37,-250,-8,-1,0,-1,31,86,-45
-34,-230,-8,-1,0,-1,31,86,-45
-34,-159,-8,-1,0,-1,31,86,-45
-42,-80,-8,-1,0,-1,31,86,-45
-60,0,-8,-1,0,-2,31,86,-45
-71,93,-8,-1,0,-2,31,86,-45
-62,182,-8,-1,0,-1,31,86,-45
-33,249,-8,-1,0,-1,16,83,-38
13,249,-7,0,0,-1,16,83,-38
72,249,-7,0,0,-1,16,83,-38
142,249,-7,0,0,0,16,83,-38
213,249,-8,0,0,0,16,83,-38
249,249,-8,0,0,0,16,83,-38
249,249,-7,0,0,0,16,83,-38
224,249,-8,0,0,0,16,83,-38
170,249,-7,0,0,0,16,83,-38
113,249,-7,0,0,-1,16,83,-38
54,249,-8,0,0,-1,16,83,-38
24,249,-7,0,0,0,16,83,-38
43,249,-7,0,0,0,12,70,-26
95,249,-7,0,0,0,12,70,-26
154,249,-8,0,0,0,12,70,-26
190,249,-7,0,0,0,12,70,-26
189,249,-7,0,0,0,12,70,-26
156,249,-8,0,0,0,12,70,-26
110,249,-8,0,0,0,12,70,-26
58,249,-7,0,0,0,12,70,-26
2,249,-7,0,0,0,12,70,-26
-38,249,-7,0,0,0,12,70,-26
-66,249,-8,0,0,0,12,70,-26
-91,249,-8,0,0,0,12,70,-26
-105,249,-8,0,0,0,12,70,-26
-91,249,-7,0,0,0,20,61,-23
-59,249,-8,0,0,0,20,61,-23
-34,249,-8,0,-1,0,20,61,-23
-31,249,-8,1,-1,0,20,61,-23
-37,249,-7,1,-1,0,20,61,-23
-27,214,-7,1,-1,0,20,61,-23
17,180,-7,1,-1,1,20,61,-23
97,166,-8,1,-1,1,20,61,-23
182,166,-7,1,-1,1,20,61,-23
249,175,-8,1,-1,0,20,61,-23
249,188,-8,1,-1,0,20,61,-23
249,191,-8,1,-1,0,20,61,-23
249,182,-8,1,-1,0,25,48,-22
249,169,-8,1,-1,0,25,48,-22
249,159,-8,1,-1,0,25,48,-22
249,153,-8,1,0,0,25,48,-22
249,148,-8,1,0,0,25,48,-22
226,142,-8,1,0,0,25,48,-22
204,129,-8,1,0,0,25,48,-22
183,107,-8,1,0,0,25,48,-22
163,77,-8,0,0,0,25,48,-22
148,35,-8,0,0,0,25,48,-22
150,-19,-8,0,0,0,25,48,-22
188,-81,-8,0,0,0,25,48,-22
249,-135,-8,0,0,0,9,40,-35
249,-172,-8,0,0,0,9,40,-35
249,-190,-8,0,0,0,9,40,-35
249,-188,-8,0,0,0,9,40,-35
249,-170,-8,0,0,0,9,40,-35
249,-150,-8,0,0,0,9,40,-35
249,-137,-8,0,0,0,9,40,-35
249,-134,-8,0,0,0,9,40,-35
249,-137,-8,0,0,0,9,40,-35
249,-145,-8,0,0,0,9,40,-35
249,-161,-8,0,0,0,9,40,-35
193,-185,-8,0,0,0,9,40,-35
146,-207,-8,0,0,0,9,40,-35
122,-218,-8,0,0,0,-1,51,-43
111,-217,-8,0,0,0,-1,51,-43
89,-206,-8,0,0,-1,-1,51,-43
42,-192,-8,0,0,-1,-1,51,-43
-17,-176,-8,0,0,-1,-1,51,-43
-73,-161,-8,0,0,-1,-1,51,-43
-106,-146,-8,0,0,-1,-1,51,-43
-104,-131,-8,0,0,-1,-1,51,-43
-76,-115,-8,0,0,-1,-1,51,-43
-43,-104,-8,0,0,0,-1,51,-43
-19,-100,-8,0,0,-1,-1,51,-43
-13,-89,-7,0,0,-1,-1,51,-43
-17,-67,-7,0,0,-1,0,52,-36
-16,-42,-8,0,0,-1,0,52,-36
-4,-21,-7,0,0,-1,0,52,-36
8,1,-8,0,0,-1,0,52,-36
13,31,-8,0,0,-1,0,52,-36
13,77,-7,0,0,-1,0,52,-36
10,139,-8,0,0,-1,0,52,-36
0,207,-7,0,0,-1,0,52,-36
-11,249,-8,0,0,-1,0,52,-36
-6,249,-7,0,0,-1,0,52,-36
9,249,-8,0,0,-1,0,52,-36
17,249,-8,0,0,-1,0,52,-36
2,249,-8,0,0,-1,20,51,-21
4,249,-8,0,0,-1,20,51,-21
20,249,-8,0,0,0,20,51,-21
45,249,-8,0,0,0,20,51,-21
73,249,-8,0,0,0,20,51,-21
95,249,-8,0,0,0,20,51,-21
104,249,-8,0,0,0,20,51,-21
104,249,-8,0,0,0,20,51,-21
104,249,-8,0,0,0,20,51,-21
118,249,-8,0,0,0,20,51,-21
152,249,-8,0,0,0,20,51,-21
189,249,-8,0,0,0,20,51,-21
206,249,-8,0,0,0,20,51,-21
186,249,-8,0,0,0,44,50,-32
135,249,-8,0,0,0,44,50,-32
83,249,-8,0,0,0,44,50,-32
55,249,-7,0,0,0,44,50,-32
55,249,-8,0,0,0,44,50,-32
65,249,-8,0,0,0,44,50,-32
77,249,-8,-1,0,0,44,50,-32
79,249,-8,-1,0,0,44,50,-32
61,249,-7,-1,0,0,44,50,-32
32,249,-8,-1,0,0,44,50,-32
10,249,-8,-1,0,0,44,50,-32
15,249,-7,0,0,1,44,50,-32
47,249,-7,0,0,1,47,59,-40
80,249,-7,0,0,1,47,59,-40
92,249,-7,0,0,1,47,59,-40
66,249,-8,0,0,1,47,59,-40
14,249,-8,0,0,1,47,59,-40
-23,167,-7,0,0,1,47,59,-40
-4,17,-7,0,0,1,47,59,-40
31,-104,-8,0,0,1,47,59,-40
43,-166,-7,0,0,1,47,59,-40
61,-220,-7,0,0,1,47,59,-40
84,-250,-8,0,0,1,47,59,-40
107,-250,-7,0,0,1,47,59,-40
129,-250,-7,0,0,1,28,59,-20
154,-250,-7,0,0,1,28,59,-20
186,-250,-7,0,0,1,28,59,-20
217,-250,-7,0,0,1,28,59,-20
230,-250,-7,0,0,1,28,59,-20
222,-250,-8,0,0,1,28,59,-20
201,-250,-8,0,0,0,28,59,-20
176,-250,-8,0,0,0,28,59,-20
167,-250,-8,0,0,0,28,59,-20
187,-250,-8,0,0,0,28,59,-20
234,-250,-7,0,0,0,28,59,-20
249,-250,-7,0,0,0,28,59,-20
249,-250,-7,0,0,0,28,59,-20
249,-250,-8,0,0,0,8,57,-28
249,-250,-8,0,0,0,8,57,-28
236,-250,-7,0,0,0,8,57,-28
168,-250,-8,0,0,-1,8,57,-28
97,-250,-7,0,0,-1,8,57,-28
28,-250,-8,0,0,-1,8,57,-28
-29,-250,-8,0,0,-1,8,57,-28
-68,-250,-8,0,0,-1,8,57,-28
-88,-226,-8,0,0,-1,8,57,-28
-87,-173,-7,0,0,-1,8,57,-28
-60,-130,-8,0,0,-1,8,57,-28
-13,-96,-8,0,0,-1,8,57,-28
35,-66,-8,0,0,-1,26,61,-22
71,-37,-8,0,0,-1,26,61,-22
91,-5,-8,0,0,-1,26,61,-22
97,47,-8,0,0,-1,26,61,-22
91,129,-8,0,0,-1,26,61,-22
74,240,-8,0,0,-1,26,61,-22
45,249,-7,0,0,-1,26,61,-22
11,249,-8,0,0,-1,26,61,-22
-10,249,-8,0,0,-1,26,61,-22
-8,249,-8,0,0,-1,26,61,-22
12,249,-8,0,0,0,26,61,-22
40,249,-8,0,0,0,26,61,-22
61,249,-8,0,0,0,47,60,-39
70,249,-7,0,0,0,47,60,-39
70,249,-8,0,0,0,47,60,-39
63,249,-8,0,0,0,47,60,-39
48,249,-8,0,0,0,47,60,-39
26,249,-8,0,0,0,47,60,-39
5,249,-7,0,0,1,47,60,-39
0,249,-7,0,0,1,47,60,-39
6,249,-8,0,0,1,47,60,-39
10,249,-8,0,0,1,47,60,-39
6,249,-8,0,0,1,47,60,-39
8,238,-7,0,0,1,47,60,-39
14,184,-8,0,0,1,47,60,-39
28,140,-8,0,0,1,46,57,-33
53,106,-8,0,0,1,46,57,-33
91,79,-7,0,0,1,46,57,-33
122,47,-8,0,0,1,46,57,-33
119,4,-8,0,0,1,46,57,-33
86,-46,-8,0,0,1,46,57,-33
60,-116,-8,0,0,1,46,57,-33
60,-220,-8,0,0,1,46,57,-33
81,-250,-8,0,0,1,46,57,-33
92,-250,-8,0,0,1,46,57,-33
77,-250,-8,0,0,1,46,57,-33
36,-250,-8,0,0,1,46,57,-33
-8,-250,-8,0,0,1,14,49,-25
-19,-250,-8,0,0,1,14,49,-25
14,-250,-8,0,0,1,14,49,-25
79,-250,-8,0,0,1,14,49,-25
146,-250,-8,0,0,1,14,49,-25
189,-250,-7,0,0,0,14,49,-25
203,-250,-8,0,0,0,14,49,-25
188,-250,-7,0,0,0,14,49,-25
157,-250,-8,0,0,0,14,49,-25
121,-250,-8,0,0,0,14,49,-25
80,-250,-8,0,0,-1,14,49,-25
37,-250,-8,0,0,-1,14,49,-25
1,-250,-8,0,0,-1,14,49,-25
-23,-250,-8,0,0,-1,8,52,-28
-31,-201,-8,0,0,-1,8,52,-28
-22,-158,-8,0,0,-1,8,52,-28
0,-121,-8,0,0,-1,8,52,-28
38,-89,-8,0,0,-1,8,52,-28
92,-63,-8,0,0,0,8,52,-28
147,-38,-8,0,0,-1,8,52,-28
182,-11,-8,0,0,-1,8,52,-28
179,24,-8,0,0,-1,8,52,-28
131,77,-8,0,0,-1,8,52,-28
51,157,-7,0,0,-2,8,52,-28
-40,249,-8,0,0,-2,8,52,-28
-121,249,-8,0,0,-2,44,56,-30
-173,249,-8,0,0,-2,44,56,-30
-185,249,-8,0,0,-1,44,56,-30
-156,249,-8,0,0,-1,44,56,-30
-88,249,-8,0,0,0,44,56,-30
-7,249,-7,0,0,0,44,56,-30
59,249,-8,0,0,0,44,56,-30
96,249,-8,0,0,0,44,56,-30
98,249,-8,0,0,0,44,56,-30
76,249,-8,0,0,0,44,56,-30
36,249,-7,0,0,0,44,56,-30
-21,249,-7,0,0,0,44,56,-30
-73,249,-7,0,0,1,43,65,-32
-101,249,-7,0,0,1,43,65,-32
-113,249,-8,0,0,1,43,65,-32
-126,249,-7,0,0,1,43,65,-32
-110,219,-8,0,0,1,43,65,-32
-59,89,-8,0,0,1,43,65,-32
-3,-55,-8,0,0,1,43,65,-32
45,-203,-8,0,0,1,43,65,-32
93,-250,-7,0,0,1,43,65,-32
150,-250,-8,0,0,1,43,65,-32
215,-250,-8,0,0,1,43,65,-32
249,-250,-8,0,0,1,43,65,-32
249,-250,-8,0,0,1,43,65,-32
249,-250,-8,0,0,1,12,48,-25
249,-250,-8,0,0,1,12,48,-25
249,-250,-8,0,0,1,12,48,-25
249,-250,-8,0,0,0,12,48,-25
249,-250,-7,0,0,0,12,48,-25
249,-250,-8,0,0,0,12,48,-25
249,-250,-8,0,0,0,12,48,-25
249,-250,-8,0,0,0,12,48,-25
249,-250,-8,0,0,-1,12,48,-25
161,-250,-8,0,0,-1,12,48,-25
55,-250,-8,0,0,-1,12,48,-25
-39,-250,-8,0,0,-1,12,48,-25
-113,-250,-8,0,0,-1,6,59,-28
-158,-250,-8,0,0,-1,6,59,-28
-173,-215,-8,0,0,-1,6,59,-28
-164,-140,-8,0,0,-1,6,59,-28
-142,-77,-8,0,0,-1,6,59,-28
-110,-38,-8,0,0,-1,6,59,-28
-68,-16,-8,0,0,-1,6,59,-28
-19,0,-8,0,0,-1,6,59,-28
31,21,-8,0,0,-1,6,59,-28
75,50,-8,0,0,-1,6,59,-28
99,89,-8,0,0,-1,6,59,-28
91,133,-7,0,0,-1,6,59,-28
50,188,-8,0,0,-1,41,61,-26
-9,249,-8,0,0,-1,41,61,-26
-63,249,-8,0,0,-1,41,61,-26
-77,249,-8,0,0,-1,41,61,-26
-47,249,-7,0,0,-1,41,61,-26
7,249,-7,0,0,-1,41,61,-26
51,249,-7,0,0,0,41,61,-26
62,249,-8,0,0,0,41,61,-26
49,249,-8,0,0,0,41,61,-26
14,249,-8,0,0,0,41,61,-26
-33,249,-8,0,0,0,41,61,-26
-75,249,-8,0,0,0,41,61,-26
-110,249,-7,0,0,1,41,61,-26
-143,249,-8,0,0,1,44,72,-37
-176,249,-8,0,0,1,44,72,-37
-199,249,-8,0,0,1,44,72,-37
-195,249,-7,0,0,1,44,72,-37
-137,217,-7,0,0,1,44,72,-37
-47,151,-7,0,0,1,44,72,-37
23,83,-8,0,0,1,44,72,-37
53,21,-8,0,0,1,44,72,-37
62,-25,-8,0,0,1,44,72,-37
82,-65,-7,0,0,1,44,72,-37
126,-102,-8,0,0,1,44,72,-37
188,-146,-7,0,0,1,44,72,-37
237,-198,-8,0,0,1,24,55,-20
249,-250,-7,0,0,1,24,55,-20
249,-250,-8,0,0,1,24,55,-20
249,-250,-8,0,0,1,24,55,-20
249,-250,-8,0,0,1,24,55,-20
249,-250,-7,0,0,1,24,55,-20
249,-250,-7,0,0,1,24,55,-20
249,-250,-8,0,0,0,24,55,-20
249,-250,-8,0,0,0,24,55,-20
249,-250,-8,0,0,0,24,55,-20
249,-250,-7,0,0,0,24,55,-20
249,-250,-8,0,0,0,24,55,-20
249,-250,-8,0,0,0,4,50,-28
249,-250,-8,0,0,0,4,50,-28
249,-250,-8,0,0,0,4,50,-28
249,-250,-8,0,0,-1,4,50,-28
249,-250,-8,0,0,-1,4,50,-28
200,-250,-8,0,0,-1,4,50,-28
122,-250,-8,0,0,-1,4,50,-28
46,-241,-8,0,0,-1,4,50,-28
-21,-195,-8,0,0,-1,4,50,-28
-70,-150,-8,0,0,-1,4,50,-28
-97,-105,-8,0,0,-1,4,50,-28
-101,-59,-8,0,0,-1,4,50,-28
-84,-12,-7,0,0,-1,4,50,-28
-57,31,-8,0,0,-1,15,56,-23
-30,68,-8,0,0,-1,15,56,-23
-7,96,-8,0,0,-1,15,56,-23
7,123,-8,0,0,-1,15,56,-23
11,152,-8,0,0,-1,15,56,-23
5,189,-8,0,0,-1,15,56,-23
-4,237,-8,0,0,-1,15,56,-23
-7,249,-8,0,0,-1,15,56,-23
2,249,-8,0,0,-1,15,56,-23
28,249,-8,0,0,-1,15,56,-23
59,249,-8,0,0,0,15,56,-23
68,249,-8,0,0,0,15,56,-23
50,249,-8,0,0,0,42,58,-29
20,249,-8,0,0,0,42,58,-29
-12,249,-8,0,0,0,42,58,-29
-41,249,-8,0,0,0,42,58,-29
-71,249,-8,0,0,0,42,58,-29
-85,249,-8,0,0,0,42,58,-29
-83,249,-8,0,0,0,42,58,-29
-74,249,-7,0,0,0,42,58,-29
-46,249,-8,0,0,0,42,58,-29
-16,249,-8,0,0,0,42,58,-29
-4,249,-8,0,0,1,42,58,-29
-5,249,-8,0,0,1,42,58,-29
-13,249,-8,0,0,1,42,58,-29
-38,249,-8,0,0,0,46,64,-43
-68,249,-8,0,0,0,46,64,-43
-91,249,-8,0,0,0,46,64,-43
-119,249,-8,-1,0,0,46,64,-43
-152,249,-8,-1,0,0,46,64,-43
-170,249,-8,-1,0,1,46,64,-43
-162,242,-8,-1,0,1,46,64,-43
-137,195,-8,-1,0,1,46,64,-43
-115,144,-8,-1,0,1,46,64,-43
-112,96,-7,-1,0,1,46,64,-43
-139,49,-7,-1,0,1,46,64,-43
-172,24,-7,-1,0,1,46,64,-43
-170,29,-7,-1,0,1,35,82,-43
-132,52,-7,-1,0,1,35,82,-43
-78,77,-8,-1,0,1,35,82,-43
-24,80,-8,-1,0,1,35,82,-43
9,53,-7,-1,0,1,35,82,-43
21,0,-7,-1,0,1,35,82,-43
8,-75,-7,-1,0,1,35,82,-43
-21,-169,-7,-1,0,1,35,82,-43
-70,-250,-7,-1,0,1,35,82,-43
-138,-250,-7,-1,0,1,35,82,-43
-209,-250,-7,0,0,1,35,82,-43
-245,-250,-7,0,0,1,35,82,-43
-250,-250,-7,0,0,1,20,84,-54
-250,-250,-7,0,0,1,20,84,-54
-246,-250,-7,0,0,1,20,84,-54
-237,-250,-7,0,0,0,20,84,-54
-224,-250,-7,0,0,0,20,84,-54
-207,-250,-7,0,0,0,20,84,-54
-188,-250,-7,0,0,0,20,84,-54
-166,-250,-7,0,0,0,20,84,-54
-150,-250,-7,0,0,-1,20,84,-54
-144,-250,-8,0,0,-1,20,84,-54
-143,-250,-7,0,0,-1,20,84,-54
-138,-250,-8,0,0,-1,20,84,-54
-125,-250,-8,0,0,-1,20,84,-54
-101,-224,-8,0,0,-1,25,85,-54
-70,-195,-8,0,0,0,25,85,-54
-39,-161,-8,0,0,0,25,85,-54
-20,-120,-7,0,0,-1,25,85,-54
-16,-72,-7,0,0,-1,25,85,-54
-12,-14,-8,0,0,-1,25,85,-54
7,47,-7,0,0,-1,25,85,-54
39,102,-8,0,0,-1,25,85,-54
75,140,-8,0,0,0,25,85,-54
115,163,-8,0,0,0,25,85,-54
163,172,-8,0,0,0,25,85,-54
214,174,-8,0,0,0,25,85,-54
246,168,-8,0,0,0,36,82,-43
245,152,-8,0,0,0,36,82,-43
228,120,-8,0,0,0,36,82,-43
219,83,-8,0,0,0,36,82,-43
236,55,-8,0,0,0,36,82,-43
249,42,-8,0,0,0,36,82,-43
249,43,-8,0,0,0,36,82,-43
249,64,-8,0,0,0,36,82,-43
249,101,-8,0,0,-1,36,82,-43
249,140,-8,0,0,-1,36,82,-43
249,175,-8,0,0,0,36,82,-43
249,207,-7,0,0,0,36,82,-43
249,231,-7,-1,0,0,25,78,-30
249,241,-7,-1,0,0,25,78,-30
249,245,-8,-1,0,0,25,78,-30
249,249,-7,-1,0,0,25,78,-30
249,249,-7,-1,0,0,25,78,-30
249,249,-8,-1,0,0,25,78,-30
249,249,-7,0,0,0,25,78,-30
249,249,-7,0,0,0,25,78,-30
249,249,-7,0,0,0,25,78,-30
249,245,-7,0,0,0,25,78,-30
249,228,-7,0,0,0,25,78,-30
249,201,-7,0,0,0,25,78,-30
249,166,-8,0,0,0,25,78,-30
249,135,-7,0,0,0,20,53,-22
249,118,-8,0,0,0,20,53,-22
249,102,-8,0,0,0,20,53,-22
249,75,-7,0,0,0,20,53,-22
249,52,-7,0,0,0,20,53,-22
249,39,-7,0,0,0,20,53,-22
249,40,-7,0,0,0,20,53,-22
249,54,-7,0,0,0,20,53,-22
249,79,-7,1,0,0,20,53,-22
249,93,-8,1,0,0,20,53,-22
249,81,-8,1,0,0,20,53,-22
220,-12,-8,1,0,0,20,53,-22
205,-117,-8,1,-1,1,9,52,-26
249,-112,-8,1,0,1,9,52,-26
249,-144,-8,0,0,0,9,52,-26
249,-127,-8,0,0,0,9,52,-26
249,-108,-8,0,0,0,9,52,-26
249,-96,-8,0,0,-1,9,52,-26
249,-84,-8,0,0,-1,9,52,-26
147,-73,-8,0,0,-1,9,52,-26
40,-51,-8,0,0,-1,9,52,-26
-38,-12,-8,0,0,-1,9,52,-26
-80,46,-8,0,0,-1,9,52,-26
-91,117,-8,0,0,-1,9,52,-26
-76,189,-8,0,0,-1,29,56,-22
-43,249,-8,0,0,-1,29,56,-22
-1,249,-8,0,0,0,29,56,-22
41,249,-8,-1,0,0,29,56,-22
81,249,-8,0,0,0,29,56,-22
103,249,-8,0,0,0,29,56,-22
102,249,-8,-1,0,0,29,56,-22
86,249,-8,-1,0,0,29,56,-22
63,249,-8,-1,0,0,29,56,-22
34,249,-8,-1,0,0,29,56,-22
4,249,-8,-1,0,0,29,56,-22
-19,249,-8,-1,0,0,29,56,-22
-38,249,-7,-1,0,0,29,56,-22
-57,249,-8,-1,0,0,41,70,-31
-71,249,-7,-1,0,0,41,70,-31
-95,249,-8,-1,0,0,41,70,-31
-130,249,-7,-1,0,1,41,70,-31
-166,249,-8,-1,0,1,41,70,-31
-182,249,-7,-1,0,1,41,70,-31
-166,229,-7,-1,0,1,41,70,-31
-124,143,-7,-1,0,1,41,70,-31
-92,61,-7,-1,0,1,41,70,-31
-83,-8,-7,-1,0,1,41,70,-31
-86,-52,-7,-1,0,1,41,70,-31
-73,-71,-8,-1,0,1,41,70,-31
-45,-81,-7,-1,0,1,22,69,-23
0,-103,-8,0,0,1,22,69,-23
57,-135,-7,0,0,1,22,69,-23
114,-168,-8,0,0,1,22,69,-23
158,-200,-7,0,0,1,22,69,-23
174,-233,-8,0,0,1,22,69,-23
166,-250,-8,0,0,0,22,69,-23
157,-250,-7,0,0,0,22,69,-23
195,-250,-7,0,0,0,22,69,-23
249,-250,-7,0,0,1,22,69,-23
249,-250,-7,0,0,1,22,69,-23
249,-250,-7,0,0,0,22,69,-23
249,-250,-8,0,0,0,17,54,-23
249,-250,-8,0,0,0,17,54,-23
249,-236,-8,0,0,-1,17,54,-23
249,-154,-8,0,0,-1,17,54,-23
249,-55,-8,0,0,-1,17,54,-23
249,-17,-8,0,0,-2,17,54,-23
249,33,-8,0,0,-2,17,54,-23
124,79,-8,0,0,-1,17,54,-23
12,120,-8,0,0,-1,17,54,-23
-73,152,-8,0,0,-1,17,54,-23
-130,176,-8,0,0,-1,17,54,-23
-160,197,-8,0,0,-1,17,54,-23
-159,217,-8,-1,0,0,17,54,-23
-127,234,-8,-1,0,0,34,56,-22
-80,249,-8,-1,0,0,34,56,-22
-36,249,-8,-1,0,0,34,56,-22
-2,249,-8,-1,0,0,34,56,-22
19,249,-7,-1,0,0,34,56,-22
29,249,-7,-1,0,0,34,56,-22
32,249,-8,-1,0,0,34,56,-22
33,249,-8,-1,0,0,34,56,-22
34,249,-8,-1,0,0,34,56,-22
41,249,-7,-1,0,0,34,56,-22
57,249,-8,-1,0,0,34,56,-22
76,249,-8,-1,0,0,34,56,-22
85,249,-7,-1,0,0,46,63,-37
77,249,-7,-1,0,0,46,63,-37
59,249,-8,-1,0,0,46,63,-37
41,249,-8,-1,0,0,46,63,-37
23,249,-8,-1,0,0,46,63,-37
2,249,-7,-1,0,1,46,63,-37
-10,249,-8,-1,0,1,46,63,-37
-12,249,-7,-1,0,1,46,63,-37
-10,249,-7,-1,0,1,46,63,-37
-14,187,-7,-1,0,1,46,63,-37
-54,74,-7,-1,0,1,46,63,-37
-48,-50,-7,-1,0,1,46,63,-37
119,-181,-7,-1,0,1,46,63,-37
249,-250,-7,-1,0,1,19,48,-21
249,-250,-7,-1,0,1,19,48,-21
249,-250,-7,-1,0,1,19,48,-21
249,-250,-8,-1,-1,1,19,48,-21
249,-250,-7,0,-1,0,19,48,-21
249,-250,-7,0,0,0,19,48,-21
249,-250,-7,0,0,0,19,48,-21
249,-250,-8,0,0,0,19,48,-21
249,-250,-8,0,0,0,19,48,-21
249,-250,-7,0,0,0,19,48,-21
249,-250,-7,0,0,-1,19,48,-21
249,-250,-8,0,0,-1,19,48,-21
249,-224,-8,0,0,-1,9,54,-25
187,-185,-7,0,0,-1,9,54,-25
97,-173,-7,0,0,-1,9,54,-25
24,-166,-8,0,0,-1,9,54,-25
-28,-161,-8,0,0,-1,9,54,-25
-60,-155,-7,0,0,-1,9,54,-25
-76,-143,-8,0,0,-1,9,54,-25
-80,-121,-8,0,0,-1,9,54,-25
-72,-89,-8,0,0,-1,9,54,-25
-57,-52,-8,0,0,-1,9,54,-25
-39,-14,-8,0,0,-1,9,54,-25
-14,24,-8,0,0,-1,9,54,-25
4,63,-8,0,0,-1,20,55,-22
7,101,-8,0,0,-1,20,55,-22
22,145,-8,0,0,-1,20,55,-22
48,193,-8,0,0,-1,20,55,-22
72,234,-8,0,0,-1,20,55,-22
76,249,-8,0,0,-1,20,55,-22
65,249,-8,0,0,0,20,55,-22
51,249,-8,0,0,0,20,55,-22
47,249,-8,0,0,0,20,55,-22
58,249,-8,-1,0,0,20,55,-22
71,249,-8,-1,0,0,20,55,-22
64,249,-8,-1,0,0,20,55,-22
33,249,-8,-1,0,0,20,55,-22
-9,249,-8,-1,0,0,39,66,-27
-51,249,-8,-1,0,0,39,66,-27
-87,249,-7,-1,0,0,39,66,-27
-119,249,-8,-1,0,0,39,66,-27
-145,249,-8,-1,0,0,39,66,-27
-145,249,-8,-1,0,0,39,66,-27
-120,249,-7,-1,0,0,39,66,-27
-98,249,-8,-1,0,0,39,66,-27
-97,249,-7,-1,0,0,39,66,-27
-115,249,-8,0,0,0,39,66,-27
-135,249,-7,0,0,0,39,66,-27
-136,249,-8,0,0,0,39,66,-27
-123,249,-8,0,0,0,40,73,-33
-106,249,-8,0,0,0,40,73,-33
-85,249,-7,0,0,0,40,73,-33
-73,248,-7,0,0,0,40,73,-33
-74,241,-8,0,0,0,40,73,-33
-74,229,-8,0,0,1,40,73,-33
-57,207,-8,0,0,1,40,73,-33
-11,167,-8,0,0,1,40,73,-33
57,104,-7,0,0,1,40,73,-33
137,20,-7,0,0,1,40,73,-33
203,-60,-7,0,0,1,40,73,-33
248,-122,-7,0,0,1,40,73,-33
249,-158,-7,0,0,1,22,54,-21
249,-164,-7,0,0,1,22,54,-21
249,-151,-7,0,0,0,22,54,-21
240,-124,-7,0,0,0,22,54,-21
200,-107,-8,0,0,0,22,54,-21
171,-121,-8,0,0,0,22,54,-21
249,-160,-7,0,0,1,22,54,-21
249,-205,-8,0,0,1,22,54,-21
249,-245,-7,0,0,1,22,54,-21
249,-250,-8,0,0,1,22,54,-21
249,-250,-8,0,-1,0,22,54,-21
249,-250,-8,0,-1,-1,22,54,-21
249,-250,-8,0,-1,-1,22,54,-21
249,-250,-8,0,-1,-1,14,59,-22
84,-250,-8,0,0,-2,14,59,-22
-93,-250,-8,0,0,-2,14,59,-22
-180,-250,-8,0,0,-1,14,59,-22
-183,-206,-8,0,0,-1,14,59,-22
-141,-131,-8,0,0,-1,14,59,-22
-88,-53,-8,0,0,-1,14,59,-22
-36,24,-8,0,0,-1,14,59,-22
6,96,-8,0,0,-1,14,59,-22
35,163,-8,0,0,-1,14,59,-22
53,230,-8,0,0,-1,14,59,-22
55,249,-8,0,0,-1,14,59,-22
41,249,-8,0,0,-1,44,61,-31
21,249,-7,-1,0,-1,44,61,-31
6,249,-8,-1,0,-1,44,61,-31
0,249,-8,-1,0,0,44,61,-31
-3,249,-8,-1,0,0,44,61,-31
-9,249,-8,-1,0,0,44,61,-31
-17,249,-7,-1,0,0,44,61,-31
-23,249,-8,-1,0,0,44,61,-31
-22,249,-8,-1,0,0,44,61,-31
-10,249,-8,-1,0,0,44,61,-31
5,249,-8,-1,0,0,44,61,-31
5,249,-8,-1,0,1,44,61,-31
-26,249,-7,-1,0,0,44,72,-38
-79,249,-8,-1,0,0,44,72,-38
-123,249,-7,-1,0,1,44,72,-38
-125,249,-7,-1,0,1,44,72,-38
-87,249,-7,-1,0,1,44,72,-38
-30,237,-7,-1,0,1,44,72,-38
36,162,-7,-1,0,1,44,72,-38
114,78,-8,-1,0,1,44,72,-38
187,-2,-8,0,0,1,44,72,-38
240,-68,-8,0,0,1,44,72,-38
249,-106,-7,0,0,1,44,72,-38
249,-114,-7,0,0,1,44,72,-38
249,-105,-8,0,0,0,44,72,-38
249,-91,-7,0,0,0,22,68,-23
249,-79,-8,0,0,1,22,68,-23
249,-84,-7,0,0,1,22,68,-23
249,-119,-7,0,0,1,22,68,-23
249,-182,-7,0,0,1,22,68,-23
249,-250,-7,0,0,1,22,68,-23
249,-250,-7,0,0,1,22,68,-23
249,-250,-7,0,0,1,22,68,-23
249,-250,-7,0,0,1,22,68,-23
249,-250,-8,0,0,0,22,68,-23
249,-250,-7,0,0,0,22,68,-23
249,-250,-7,1,-1,0,22,68,-23
249,-250,-8,1,0,0,13,64,-25
249,-250,-8,1,0,0,13,64,-25
249,-250,-8,0,0,-1,13,64,-25
249,-250,-8,0,0,-1,13,64,-25
228,-250,-8,0,0,-1,13,64,-25
154,-234,-8,0,0,-1,13,64,-25
111,-179,-8,0,0,-1,13,64,-25
100,-132,-8,0,0,-1,13,64,-25
100,-93,-8,0,0,-1,13,64,-25
103,-53,-8,0,0,-1,13,64,-25
111,-2,-8,0,0,-1,13,64,-25
121,62,-8,0,0,-1,13,64,-25
132,133,-8,0,0,-1,32,61,-24
138,193,-8,0,0,-1,32,61,-24
132,238,-8,0,0,-1,32,61,-24
119,249,-8,0,0,-1,32,61,-24
103,249,-8,0,0,0,32,61,-24
84,249,-8,0,0,0,32,61,-24
63,249,-8,0,0,0,32,61,-24
46,249,-8,-1,0,0,32,61,-24
35,249,-8,-1,0,0,32,61,-24
32,249,-7,-1,0,0,32,61,-24
43,249,-8,-1,0,0,32,61,-24
71,249,-8,-1,0,0,32,61,-24
95,249,-8,-1,0,0,32,61,-24
83,249,-8,-1,0,0,45,68,-36
30,249,-8,-1,0,0,45,68,-36
-38,249,-8,-1,0,0,45,68,-36
-89,249,-7,-1,0,0,45,68,-36
-107,249,-7,-1,0,0,45,68,-36
-102,249,-8,-1,0,0,45,68,-36
-88,249,-8,-1,0,0,45,68,-36
-72,249,-8,-1,0,1,45,68,-36
-49,249,-8,-1,0,1,45,68,-36
-10,249,-7,-1,0,1,45,68,-36
51,192,-8,-1,0,1,45,68,-36
123,133,-7,-1,0,1,45,68,-36
180,78,-7,-1,0,1,29,77,-31
205,35,-8,-1,0,1,29,77,-31
197,4,-8,-1,0,1,29,77,-31
157,-15,-7,-1,0,0,29,77,-31
109,-28,-7,-1,0,0,29,77,-31
75,-42,-7,-1,0,0,29,77,-31
64,-66,-8,-1,0,0,29,77,-31
83,-80,-8,-1,0,0,29,77,-31
124,-78,-7,0,0,0,29,77,-31
178,-57,-7,0,0,0,29,77,-31
239,-23,-8,0,0,0,29,77,-31
249,8,-7,0,0,0,29,77,-31
249,21,-7,0,0,0,29,77,-31
249,17,-8,0,0,0,18,57,-23
249,7,-8,0,0,0,18,57,-23
249,4,-8,0,0,0,18,57,-23
249,16,-7,0,0,0,18,57,-23
249,38,-7,1,0,0,18,57,-23
249,47,-7,1,0,0,18,57,-23
249,28,-7,1,0,0,18,57,-23
249,-47,-8,1,0,0,18,57,-23
172,-198,-8,1,-1,0,18,57,-23
249,-216,-8,1,0,1,18,57,-23
249,-250,-8,0,0,0,18,57,-23
249,-250,-8,0,0,0,18,57,-23
249,-250,-8,0,0,0,6,46,-30
249,-250,-8,0,0,0,6,46,-30
249,-250,-8,0,0,0,6,46,-30
249,-244,-8,0,0,0,6,46,-30
249,-210,-7,0,0,-1,6,46,-30
249,-172,-8,0,0,-1,6,46,-30
249,-130,-8,0,0,-1,6,46,-30
249,-84,-8,0,0,-1,6,46,-30
245,-29,-8,0,0,-1,6,46,-30
233,33,-8,0,0,-1,6,46,-30
224,98,-8,0,0,-1,6,46,-30
210,158,-8,0,0,-1,6,46,-30
194,216,-8,0,0,-1,19,46,-24
180,249,-8,0,0,-1,19,46,-24
167,249,-7,0,0,-1,19,46,-24
155,249,-8,0,0,-1,19,46,-24
143,249,-8,0,0,0,19,46,-24
130,249,-7,0,0,0,19,46,-24
124,249,-8,0,0,0,19,46,-24
121,249,-8,0,0,0,19,46,-24
114,249,-8,0,0,0,19,46,-24
106,249,-8,-1,0,0,19,46,-24
96,249,-8,-1,0,0,19,46,-24
72,249,-7,-1,0,0,19,46,-24
42,249,-8,-1,0,0,19,46,-24
22,249,-8,-1,0,0,41,55,-29
22,249,-8,-1,0,0,41,55,-29
23,249,-8,-1,0,0,41,55,-29
-3,249,-8,-1,0,0,41,55,-29
-51,249,-8,-1,0,0,41,55,-29
-95,249,-7,-1,0,0,41,55,-29
-138,249,-7,-1,0,0,41,55,-29
-179,249,-7,-1,0,0,41,55,-29
-203,249,-8,-1,0,0,41,55,-29
-199,249,-7,-1,0,1,41,55,-29
-181,234,-7,-1,0,1,41,55,-29
-158,184,-7,0,0,1,41,55,-29
-135,140,-7,0,0,1,37,67,-26
-107,103,-8,0,0,1,37,67,-26
-84,70,-7,0,0,1,37,67,-26
-77,44,-8,0,0,1,37,67,-26
-80,26,-8,0,0,1,37,67,-26
-83,9,-7,0,0,1,37,67,-26
-79,-17,-7,0,0,1,37,67,-26
-52,-55,-7,0,0,1,37,67,-26
8,-102,-7,0,0,1,37,67,-26
92,-152,-7,0,0,1,37,67,-26
174,-194,-7,0,0,1,37,67,-26
241,-226,-7,0,0,1,37,67,-26
249,-248,-7,0,0,0,15,50,-22
249,-250,-8,0,0,0,15,50,-22
243,-250,-8,0,0,0,15,50,-22
185,-250,-7,0,0,0,15,50,-22
150,-250,-8,0,0,0,15,50,-22
173,-250,-7,0,0,0,15,50,-22
249,-250,-7,0,0,1,15,50,-22
249,-250,-7,0,0,0,15,50,-22
249,-250,-7,0,0,0,15,50,-22
249,-250,-7,0,0,0,15,50,-22
249,-250,-8,0,0,-1,15,50,-22
249,-250,-8,0,0,-1,15,50,-22
249,-250,-8,0,0,-1,15,50,-22
191,-250,-8,0,0,-1,3,49,-31
139,-250,-8,0,0,-1,3,49,-31
116,-250,-8,0,0,-1,3,49,-31
132,-246,-7,0,0,0,3,49,-31
181,-220,-8,0,0,0,3,49,-31
230,-201,-8,0,0,0,3,49,-31
249,-192,-8,0,0,-1,3,49,-31
234,-186,-8,0,0,-1,3,49,-31
187,-177,-8,0,0,-1,3,49,-31
142,-148,-8,0,0,-1,3,49,-31
118,-109,-8,0,0,-1,3,49,-31
109,-62,-8,0,0,-1,3,49,-31
106,-4,-8,0,0,-1,16,56,-21
115,65,-8,0,0,-1,16,56,-21
122,139,-8,0,0,-1,16,56,-21
119,215,-8,0,0,-1,16,56,-21
107,249,-8,0,0,-1,16,56,-21
94,249,-8,0,0,-1,16,56,-21
83,249,-8,0,0,-1,16,56,-21
77,249,-8,0,0,0,16,56,-21
75,249,-8,0,0,0,16,56,-21
70,249,-8,0,0,0,16,56,-21
66,249,-8,-1,0,0,16,56,-21
70,249,-8,-1,0,0,16,56,-21
89,249,-8,-1,0,0,42,59,-27
106,249,-8,-1,0,0,42,59,-27
106,249,-8,-1,0,0,42,59,-27
94,249,-8,-1,0,0,42,59,-27
68,249,-8,-1,0,0,42,59,-27
42,249,-8,-2,0,0,42,59,-27
19,249,-7,-2,0,1,42,59,-27
8,249,-7,-2,0,1,42,59,-27
4,249,-7,-1,0,1,42,59,-27
0,249,-7,-1,0,1,42,59,-27
-11,209,-7,-1,0,1,42,59,-27
-43,149,-7,-1,0,1,42,59,-27
-70,113,-7,0,0,1,42,59,-27
-86,89,-8,0,0,1,35,66,-25
-67,71,-7,0,0,1,35,66,-25
-14,49,-7,0,0,1,35,66,-25
41,16,-7,0,0,1,35,66,-25
88,-22,-8,0,0,1,35,66,-25
123,-66,-8,0,0,1,35,66,-25
143,-109,-8,0,0,1,35,66,-25
160,-146,-7,0,0,1,35,66,-25
188,-174,-7,0,0,1,35,66,-25
219,-197,-7,0,0,0,35,66,-25
249,-218,-7,0,0,0,35,66,-25
249,-231,-8,0,0,0,35,66,-25
249,-241,-7,0,0,0,14,47,-23
249,-250,-7,0,0,0,14,47,-23
249,-250,-8,0,0,0,14,47,-23
227,-250,-8,0,0,0,14,47,-23
222,-250,-7,0,0,0,14,47,-23
249,-250,-7,0,0,0,14,47,-23
249,-250,-8,0,0,0,14,47,-23
249,-250,-7,0,0,0,14,47,-23
249,-250,-8,0,0,0,14,47,-23
249,-250,-8,0,0,0,14,47,-23
249,-250,-8,0,0,0,14,47,-23
249,-250,-8,0,0,0,14,47,-23
249,-250,-8,0,0,0,7,43,-33
249,-250,-8,0,0,-1,7,43,-33
249,-250,-7,0,0,-1,7,43,-33
249,-230,-8,0,0,-1,7,43,-33
249,-198,-8,0,0,-1,7,43,-33
249,-157,-8,0,0,-1,7,43,-33
215,-106,-8,0,0,-1,7,43,-33
170,-35,-8,0,0,-1,7,43,-33
165,50,-8,0,0,-1,7,43,-33
190,133,-8,0,0,-1,7,43,-33
206,201,-8,0,0,-1,7,43,-33
208,249,-7,0,0,-1,7,43,-33
178,249,-8,0,0,-1,7,43,-33
112,249,-7,0,0,-1,31,45,-25
15,249,-8,-1,0,-1,31,45,-25
-75,249,-7,-1,0,-1,31,45,-25
-128,249,-8,-1,0,-1,31,45,-25
-142,249,-8,-1,0,0,31,45,-25
-125,249,-8,-1,0,0,31,45,-25
-85,249,-8,-1,0,0,31,45,-25
-40,249,-8,-1,0,0,31,45,-25
-11,249,-7,-1,0,0,31,45,-25
-20,249,-7,0,0,0,31,45,-25
-74,249,-8,0,0,0,31,45,-25
-154,249,-8,0,0,0,31,45,-25
-226,249,-8,-1,0,0,40,63,-28
-250,249,-8,-1,0,0,40,63,-28
-250,249,-8,-1,0,1,40,63,-28
-250,249,-7,-1,0,1,40,63,-28
-215,249,-7,0,0,1,40,63,-28
-174,185,-7,0,0,1,40,63,-28
-147,60,-8,0,0,1,40,63,-28
-123,-45,-8,0,0,1,40,63,-28
-102,-96,-8,0,0,1,40,63,-28
-83,-106,-7,0,0,1,40,63,-28
-60,-91,-7,0,0,1,40,63,-28
-27,-81,-7,0,0,1,40,63,-28
26,-81,-8,0,0,1,40,63,-28
99,-101,-7,0,0,1,28,56,-21
177,-135,-7,0,0,1,28,56,-21
243,-173,-7,0,0,1,28,56,-21
249,-205,-8,0,0,0,28,56,-21
249,-214,-8,0,0,0,28,56,-21
219,-206,-8,0,0,0,28,56,-21
201,-188,-8,0,0,0,28,56,-21
208,-179,-8,0,0,0,28,56,-21
228,-189,-8,0,0,0,28,56,-21
245,-216,-8,0,0,0,28,56,-21
249,-250,-8,0,0,0,28,56,-21
249,-250,-7,0,0,0,28,56,-21
249,-250,-8,0,0,0,11,43,-28
249,-250,-8,0,0,0,11,43,-28
249,-250,-8,0,0,0,11,43,-28
249,-250,-7,0,0,0,11,43,-28
249,-250,-8,0,0,0,11,43,-28
249,-250,-8,0,0,-1,11,43,-28
249,-250,-8,0,0,-1,11,43,-28
212,-250,-7,0,0,-1,11,43,-28
150,-250,-8,0,0,-1,11,43,-28
116,-245,-7,0,0,-1,11,43,-28
128,-194,-7,0,0,-1,11,43,-28
180,-131,-7,0,0,-1,11,43,-28
231,-66,-8,0,0,-1,15,43,-26
249,2,-8,0,0,-1,15,43,-26
249,77,-8,0,0,-1,15,43,-26
249,158,-8,0,0,-1,15,43,-26
233,247,-8,0,0,-2,15,43,-26
190,249,-8,0,0,-2,15,43,-26
104,249,-8,0,0,-1,15,43,-26
10,249,-8,0,0,-1,15,43,-26
-23,249,-8,0,0,0,15,43,-26
48,249,-8,0,0,0,15,43,-26
199,249,-8,0,0,0,15,43,-26
249,249,-8,0,0,0,15,43,-26
249,249,-8,0,0,0,15,43,-26
249,249,-8,0,0,0,27,38,-30
249,249,-8,0,0,0,27,38,-30
145,249,-8,0,0,0,27,38,-30
51,249,-8,0,0,0,27,38,-30
16,249,-8,0,0,0,27,38,-30
33,249,-8,0,0,0,27,38,-30
79,249,-8,0,0,0,27,38,-30
123,249,-8,0,0,0,27,38,-30
128,249,-8,0,0,0,27,38,-30
91,249,-8,0,0,0,27,38,-30
39,249,-7,-1,0,0,27,38,-30
-5,249,-7,-1,0,0,27,38,-30
-34,249,-7,-1,0,0,37,45,-28
-45,249,-7,-1,0,0,37,45,-28
-57,249,-7,-1,0,0,37,45,-28
-79,236,-8,-1,0,0,37,45,-28
-104,196,-8,-1,0,0,37,45,-28
-127,165,-7,-1,0,0,37,45,-28
-151,143,-7,-1,0,0,37,45,-28
-174,129,-8,-1,0,0,37,45,-28
-187,111,-8,-1,0,0,37,45,-28
-191,82,-7,-1,0,0,37,45,-28
-185,55,-8,-1,0,0,37,45,-28
-180,37,-7,-1,0,0,37,45,-28
-191,31,-7,0,0,0,44,64,-30
-217,37,-7,0,0,0,44,64,-30
-228,57,-7,0,0,0,44,64,-30
-219,79,-7,0,0,0,44,64,-30
-207,88,-7,0,0,0,44,64,-30
-206,88,-8,0,0,0,44,64,-30
-223,75,-8,0,0,0,44,64,-30
-240,75,-8,0,0,0,44,64,-30
-233,103,-7,0,0,0,44,64,-30
-197,148,-8,-1,0,0,44,64,-30
-146,190,-7,0,0,0,44,64,-30
-107,208,-8,0,0,0,44,64,-30
-88,196,-7,0,0,0,44,64,-30
-73,182,-8,0,0,0,41,77,-36
-48,158,-7,0,0,0,41,77,-36
-14,134,-7,0,0,0,41,77,-36
16,117,-8,0,0,0,41,77,-36
39,112,-7,0,0,0,41,77,-36
50,120,-7,0,0,0,41,77,-36
54,136,-7,0,0,0,41,77,-36
49,137,-8,0,0,0,41,77,-36
25,121,-8,0,0,1,41,77,-36
0,89,-7,0,0,1,41,77,-36
5,37,-7,0,0,1,41,77,-36
46,-42,-7,0,0,1,41,77,-36
100,-134,-7,0,0,1,11,76,-35
143,-205,-7,0,0,1,11,76,-35
162,-250,-8,0,0,1,11,76,-35
163,-250,-7,0,0,1,11,76,-35
132,-250,-7,0,0,1,11,76,-35
73,-250,-7,0,0,1,11,76,-35
17,-250,-7,0,0,1,11,76,-35
-12,-250,-7,0,0,0,11,76,-35
-44,-250,-7,0,0,0,11,76,-35
-75,-250,-8,0,0,0,11,76,-35
-81,-250,-7,1,0,0,11,76,-35
-64,-250,-7,1,0,0,11,76,-35
-46,-250,-8,1,-1,0,17,84,-54
-16,-250,-8,1,-1,0,17,84,-54
25,-250,-8,1,-1,0,17,84,-54
25,-250,-8,1,-1,-1,17,84,-54
30,-250,-8,0,-1,0,17,84,-54
117,-250,-8,0,-1,-1,17,84,-54
141,-250,-8,0,0,-1,17,84,-54
127,-250,-8,0,0,-1,17,84,-54
101,-250,-8,0,0,-1,17,84,-54
62,-250,-8,0,0,-1,17,84,-54
25,-250,-8,0,0,-1,17,84,-54
13,-247,-8,0,0,-1,17,84,-54
25,-197,-8,0,0,-1,17,84,-54
47,-138,-8,0,0,-1,35,85,-49
76,-75,-8,0,0,-1,35,85,-49
106,-16,-8,0,0,-1,35,85,-49
126,36,-8,0,0,-1,35,85,-49
130,75,-8,0,0,-1,35,85,-49
124,102,-8,0,0,-1,35,85,-49
130,122,-8,0,0,0,35,85,-49
159,146,-8,0,0,0,35,85,-49
188,150,-8,0,0,0,35,85,-49
215,132,-8,0,0,0,35,85,-49
248,114,-8,0,0,0,35,85,-49
249,107,-8,0,0,0,35,85,-49
249,110,-8,0,0,0,43,74,-38
249,117,-8,0,0,0,43,74,-38
249,119,-8,0,0,0,43,74,-38
249,113,-8,0,0,0,43,74,-38
249,99,-8,0,0,0,43,74,-38
249,78,-8,0,0,0,43,74,-38
249,50,-8,0,0,0,43,74,-38
249,20,-8,-1,0,0,43,74,-38
249,0,-8,-1,0,0,43,74,-38
249,5,-8,-1,0,0,43,74,-38
228,33,-8,-1,0,0,43,74,-38
204,55,-8,-1,0,0,43,74,-38
200,70,-8,-1,0,0,40,69,-28
235,83,-8,-1,0,0,40,69,-28
249,89,-8,-1,0,0,40,69,-28
249,81,-8,-1,0,0,40,69,-28
249,51,-8,-2,0,0,40,69,-28
249,5,-8,-2,0,0,40,69,-28
249,-37,-7,-2,0,0,40,69,-28
249,-70,-7,-2,0,0,40,69,-28
249,-88,-8,-2,0,0,40,69,-28
249,-71,-8,-2,0,0,40,69,-28
249,-19,-8,-2,0,-1,40,69,-28
249,48,-8,-2,0,0,40,69,-28
249,102,-7,-2,0,0,40,69,-28
249,131,-7,-2,0,0,19,70,-24
249,159,-7,-2,0,0,19,70,-24
249,173,-7,-1,0,0,19,70,-24
249,163,-7,0,0,0,19,70,-24
249,141,-7,0,0,0,19,70,-24
249,100,-7,0,0,0,19,70,-24
168,33,-7,0,0,0,19,70,-24
97,-55,-7,0,0,1,19,70,-24
69,-148,-7,0,0,1,19,70,-24
71,-241,-7,0,0,1,19,70,-24
54,-250,-7,0,0,1,19,70,-24
16,-250,-7,1,-1,1,19,70,-24
-17,-250,-7,1,-1,1,12,83,-44
-96,-250,-8,1,-2,0,12,83,-44
-228,-250,-8,1,-2,1,12,83,-44
-9,-250,-8,1,-1,1,12,83,-44
202,-250,-7,1,-2,0,12,83,-44
78,-250,-8,1,-2,0,12,83,-44
-17,-250,-8,1,-1,0,12,83,-44
-41,-250,-8,1,-1,-1,12,83,-44
-29,-250,-8,1,-1,-1,12,83,-44
-12,-250,-8,0,-1,-1,12,83,-44
-32,-250,-8,0,-1,-1,12,83,-44
-105,-250,-8,0,0,-2,12,83,-44
-205,-250,-8,0,0,-1,12,83,-44
-250,-250,-8,0,0,-1,34,86,-46
-250,-247,-8,0,0,-1,34,86,-46
-239,-223,-8,0,0,0,34,86,-46
-156,-202,-8,0,0,0,34,86,-46
-62,-184,-8,0,0,0,34,86,-46
40,-162,-8,0,0,0,34,86,-46
130,-133,-8,0,0,0,34,86,-46
200,-96,-8,0,0,0,34,86,-46
249,-55,-8,0,0,0,34,86,-46
249,-16,-8,0,0,0,34,86,-46
249,14,-8,0,0,0,34,86,-46
249,42,-7,0,0,0,34,86,-46
249,73,-7,0,0,0,35,72,-28
249,110,-8,0,0,0,35,72,-28
249,145,-8,0,0,0,35,72,-28
249,177,-7,-1,0,0,35,72,-28
249,205,-8,-1,0,0,35,72,-28
249,218,-8,-1,0,0,35,72,-28
249,216,-7,-1,0,0,35,72,-28
249,210,-7,0,0,0,35,72,-28
249,207,-7,0,0,0,35,72,-28
249,206,-8,0,0,0,35,72,-28
249,213,-7,0,0,0,35,72,-28
249,224,-7,0,0,0,35,72,-28
249,227,-8,0,0,0,36,67,-25
249,222,-7,0,0,0,36,67,-25
249,202,-7,0,0,0,36,67,-25
249,157,-8,0,0,0,36,67,-25
237,107,-7,0,0,0,36,67,-25
191,66,-8,0,0,0,36,67,-25
127,38,-8,0,0,0,36,67,-25
84,36,-8,0,0,0,36,67,-25
92,58,-8,0,0,0,36,67,-25
150,92,-7,-1,1,0,36,67,-25
211,112,-8,-1,1,0,36,67,-25
215,95,-7,-1,1,0,36,67,-25
170,32,-7,-1,0,1,36,67,-25
141,-53,-7,-1,0,1,5,64,-31
146,-130,-7,0,0,1,5,64,-31
186,-187,-7,0,0,1,5,64,-31
239,-240,-7,0,0,1,5,64,-31
244,-250,-7,0,-1,1,5,64,-31
179,-250,-8,1,-1,1,5,64,-31
107,-250,-8,1,-1,1,5,64,-31
48,-250,-7,1,-1,1,5,64,-31
6,-250,-7,1,-2,0,5,64,-31
-35,-250,-8,1,-2,0,5,64,-31
-94,-250,-8,1,-2,0,5,64,-31
-156,-250,-8,1,-2,0,5,64,-31
-250,-250,-8,1,-2,0,22,86,-50
-217,-250,-8,1,-2,1,22,86,-50
127,-250,-8,1,-2,0,22,86,-50
78,-250,-8,1,-1,-1,22,86,-50
3,-250,-8,0,-1,-1,22,86,-50
-47,-250,-8,0,-1,-1,22,86,-50
-74,-250,-8,0,-1,-1,22,86,-50
-83,-250,-8,0,0,-1,22,86,-50
-74,-250,-8,0,0,-1,22,86,-50
-51,-250,-8,0,0,-1,22,86,-50
-20,-250,-8,0,0,-1,22,86,-50
9,-194,-8,0,0,-1,22,86,-50
24,-143,-8,0,0,-1,40,81,-43
14,-133,-8,0,0,-1,40,81,-43
-12,-140,-8,0,0,-1,40,81,-43
-27,-145,-8,0,0,-1,40,81,-43
1,-132,-8,0,0,0,40,81,-43
57,-107,-8,0,0,0,40,81,-43
114,-71,-8,0,0,0,40,81,-43
171,-33,-8,0,0,0,40,81,-43
231,-3,-8,0,0,0,40,81,-43
249,27,-8,-1,0,0,40,81,-43
249,63,-7,-1,0,0,40,81,-43
249,95,-8,-1,0,0,40,81,-43
249,123,-7,-1,0,0,40,81,-43
249,155,-8,-1,0,0,38,70,-29
249,181,-8,-1,0,0,38,70,-29
249,203,-8,-1,0,0,38,70,-29
249,215,-8,-1,0,0,38,70,-29
249,201,-8,-1,0,0,38,70,-29
249,155,-8,-1,0,0,38,70,-29
249,102,-8,-1,0,0,38,70,-29
249,69,-8,-1,0,0,38,70,-29
249,56,-8,-1,0,0,38,70,-29
249,45,-7,-1,0,0,38,70,-29
249,40,-8,0,0,0,38,70,-29
249,39,-7,0,0,0,38,70,-29
249,46,-8,-1,0,0,32,60,-23
249,65,-8,-1,1,0,32,60,-23
249,81,-7,-1,1,0,32,60,-23
249,76,-7,-1,1,0,32,60,-23
249,39,-7,-1,0,0,32,60,-23
249,-10,-7,-1,0,0,32,60,-23
249,-59,-7,-1,0,0,32,60,-23
249,-80,-7,0,0,0,32,60,-23
249,-54,-7,0,0,0,32,60,-23
249,-12,-7,0,0,0,32,60,-23
249,22,-7,0,0,0,32,60,-23
236,41,-8,0,0,0,32,60,-23
189,39,-7,0,0,0,13,50,-24
151,27,-8,0,0,0,13,50,-24
142,9,-7,0,0,0,13,50,-24
170,-22,-7,0,0,0,13,50,-24
218,-71,-7,0,0,1,13,50,-24
241,-160,-7,0,0,1,13,50,-24
219,-250,-7,0,-1,1,13,50,-24
186,-250,-7,1,-1,1,13,50,-24
105,-250,-8,1,-2,1,13,50,-24
153,-250,-7,1,-1,1,13,50,-24
249,-250,-8,1,-2,0,13,50,-24
249,-250,-8,1,-2,0,13,50,-24
249,-250,-8,1,-2,0,13,50,-24
249,-250,-7,1,-2,-1,17,82,-38
249,-250,-8,1,-2,-1,17,82,-38
249,-250,-8,1,-2,-2,17,82,-38
220,-250,-8,1,-2,-2,17,82,-38
136,-216,-8,0,-2,-2,17,82,-38
52,-123,-8,0,-2,-2,17,82,-38
-43,-43,-8,0,-1,-2,17,82,-38
-150,21,-8,0,-1,-2,17,82,-38
-246,80,-8,0,-1,-1,17,82,-38
-250,112,-8,0,-1,-1,17,82,-38
-250,121,-8,0,-1,-1,17,82,-38
-250,115,-8,0,0,0,17,82,-38
-243,107,-8,0,0,0,43,73,-37
-181,90,-8,0,0,0,43,73,-37
-129,66,-8,0,0,0,43,73,-37
-88,36,-8,0,0,0,43,73,-37
-54,0,-8,0,0,0,43,73,-37
-35,-33,-8,0,0,0,43,73,-37
-30,-52,-8,-1,0,0,43,73,-37
-31,-48,-8,-1,0,0,43,73,-37
-22,-37,-8,-1,0,0,43,73,-37
15,-26,-8,-1,0,0,43,73,-37
80,-15,-7,-1,0,0,43,73,-37
166,-5,-8,-1,0,0,43,73,-37
249,4,-8,-1,0,0,43,73,-37
249,6,-8,-1,0,0,41,63,-30
249,-2,-8,-2,0,0,41,63,-30
249,-13,-8,-2,0,0,41,63,-30
249,-18,-8,-1,0,0,41,63,-30
249,-18,-8,-1,0,0,41,63,-30
249,-15,-8,-1,0,0,41,63,-30
249,4,-8,-1,0,0,41,63,-30
249,19,-8,-1,0,0,41,63,-30
249,14,-8,-1,0,0,41,63,-30
249,-2,-8,-2,0,0,41,63,-30
249,-24,-8,-2,0,0,41,63,-30
249,-61,-7,-1,0,0,41,63,-30
249,-85,-7,-1,0,0,36,59,-24
249,-70,-7,-1,0,0,36,59,-24
249,-38,-8,-1,0,0,36,59,-24
249,-10,-7,-1,0,0,36,59,-24
249,0,-7,-1,0,0,36,59,-24
249,-11,-8,0,0,0,36,59,-24
249,-46,-7,0,0,0,36,59,-24
249,-85,-7,0,0,0,36,59,-24
249,-94,-7,0,0,0,36,59,-24
249,-56,-7,0,0,0,36,59,-24
249,0,-7,0,0,-1,36,59,-24
246,39,-7,0,0,-1,36,59,-24
37,47,-7,0,0,0,15,41,-27
12,32,-7,0,1,1,15,41,-27
249,-18,-7,-1,1,1,15,41,-27
249,-133,-7,-1,0,1,15,41,-27
249,-250,-7,-1,-1,1,15,41,-27
249,-250,-7,0,-2,0,15,41,-27
249,-250,-7,1,-2,0,15,41,-27
249,-250,-7,1,-2,0,15,41,-27
249,-250,-8,1,-2,-1,15,41,-27
249,-250,-7,1,-2,-2,15,41,-27
134,-250,-8,1,-2,-2,15,41,-27
-28,-250,-8,1,-2,-2,15,41,-27
-106,-250,-8,1,-2,-2,15,41,-27
-90,-250,-8,1,-2,-1,6,74,-37
-45,-200,-8,1,-2,-1,6,74,-37
-48,-196,-8,0,-1,-1,6,74,-37
-89,-217,-8,0,-1,-1,6,74,-37
-133,-241,-8,0,-1,-1,6,74,-37
-160,-250,-8,0,-1,-1,6,74,-37
-163,-250,-8,0,0,-1,6,74,-37
-150,-250,-8,0,0,0,6,74,-37
-121,-250,-8,0,0,-1,6,74,-37
-80,-241,-8,0,0,-1,6,74,-37
-41,-194,-8,0,0,-1,6,74,-37
-24,-141,-8,0,0,-1,6,74,-37
-30,-101,-8,0,0,-1,14,82,-40
-50,-70,-8,0,0,-1,14,82,-40
-78,-51,-8,0,0,-1,14,82,-40
-114,-46,-8,0,0,-1,14,82,-40
-155,-62,-8,0,0,-1,14,82,-40
-177,-91,-8,0,0,0,14,82,-40
-147,-105,-8,0,0,0,14,82,-40
-70,-96,-7,0,0,0,14,82,-40
38,-67,-7,0,0,0,14,82,-40
152,-22,-8,0,0,0,14,82,-40
249,24,-8,0,0,0,14,82,-40
249,69,-7,0,0,-1,14,82,-40
249,123,-8,0,0,-1,39,72,-32
249,197,-8,0,0,-2,39,72,-32
158,249,-7,0,0,-2,39,72,-32
69,249,-8,0,0,-2,39,72,-32
31,249,-8,0,0,-1,39,72,-32
88,249,-8,0,0,0,39,72,-32
203,249,-7,0,0,0,39,72,-32
249,249,-8,0,0,0,39,72,-32
249,249,-8,0,0,1,39,72,-32
249,249,-8,0,0,1,39,72,-32
249,249,-8,0,0,1,39,72,-32
212,249,-8,0,0,1,39,72,-32
122,249,-8,0,0,1,39,72,-32
144,249,-7,0,0,1,43,72,-34
249,249,-7,0,0,1,43,72,-34
249,215,-8,0,0,1,43,72,-34
249,136,-8,0,0,1,43,72,-34
249,92,-8,0,0,0,43,72,-34
163,68,-8,0,0,0,43,72,-34
6,49,-7,0,0,0,43,72,-34
-83,28,-8,0,0,1,43,72,-34
-100,-3,-8,0,0,1,43,72,-34
-86,-43,-8,0,0,1,43,72,-34
-62,-73,-8,0,0,1,43,72,-34
-30,-82,-8,0,0,1,43,72,-34
-12,-72,-7,0,0,1,23,70,-24
-28,-69,-7,0,0,1,23,70,-24
-56,-128,-8,0,0,1,23,70,-24
-8,-250,-7,0,0,1,23,70,-24
174,-250,-8,0,0,1,23,70,-24
249,-250,-8,0,0,1,23,70,-24
249,-250,-8,0,0,1,23,70,-24
249,-250,-7,0,0,0,23,70,-24
70,-250,-8,0,0,0,23,70,-24
-133,-250,-8,0,0,0,23,70,-24
-250,-250,-8,0,0,0,23,70,-24
-250,-250,-8,0,0,0,23,70,-24
-250,-250,-8,0,0,0,11,79,-38
-250,-250,-8,0,0,-1,11,79,-38
-250,-250,-8,0,0,-1,11,79,-38
-250,-250,-8,0,0,-1,11,79,-38
-250,-250,-8,0,0,-1,11,79,-38
-249,-250,-8,0,0,-1,11,79,-38
-212,-250,-8,0,0,-1,11,79,-38
-172,-250,-8,0,0,-1,11,79,-38
-114,-235,-8,0,0,-1,11,79,-38
-33,-162,-8,0,0,-1,11,79,-38
67,-96,-8,0,0,-1,11,79,-38
155,-29,-8,0,0,-1,11,79,-38
206,61,-8,0,0,-1,11,79,-38
221,173,-8,0,0,-2,25,70,-23
217,249,-7,0,0,-1,25,70,-23
208,249,-7,0,0,-1,25,70,-23
197,249,-8,0,0,-1,25,70,-23
178,249,-7,0,0,-1,25,70,-23
168,249,-8,0,0,0,25,70,-23
169,249,-7,0,0,0,25,70,-23
175,249,-7,0,0,0,25,70,-23
178,249,-7,0,0,0,25,70,-23
191,249,-8,0,0,0,25,70,-23
226,249,-7,0,0,0,25,70,-23
249,249,-7,0,0,0,25,70,-23
249,249,-7,0,0,0,33,57,-22
249,249,-7,0,0,0,33,57,-22
217,249,-8,0,0,0,33,57,-22
167,202,-8,0,0,0,33,57,-22
143,163,-8,1,0,0,33,57,-22
154,140,-8,1,0,0,33,57,-22
196,110,-8,1,0,1,33,57,-22
233,75,-7,1,0,0,33,57,-22
246,45,-8,1,0,0,33,57,-22
232,25,-8,1,0,0,33,57,-22
209,24,-8,1,0,0,33,57,-22
206,36,-7,0,0,0,33,57,-22
219,44,-8,0,0,0,33,46,-26
230,47,-8,0,0,0,33,46,-26
235,45,-8,0,0,0,33,46,-26
228,41,-8,0,0,0,33,46,-26
211,38,-8,0,0,0,33,46,-26
192,35,-8,0,0,0,33,46,-26
169,32,-8,0,0,0,33,46,-26
145,40,-8,0,0,0,33,46,-26
127,61,-8,0,0,0,33,46,-26
130,87,-7,0,0,0,33,46,-26
164,104,-7,0,0,0,33,46,-26
231,108,-8,0,0,0,33,46,-26
249,91,-8,0,0,0,33,46,-26
249,65,-8,0,0,0,34,36,-45
249,37,-8,0,0,0,34,36,-45
249,16,-8,0,0,0,34,36,-45
249,-4,-8,0,0,0,34,36,-45
249,-21,-8,0,0,0,34,36,-45
249,-21,-8,0,0,0,34,36,-45
249,5,-8,0,0,0,34,36,-45
249,47,-8,0,0,0,34,36,-45
249,88,-8,0,0,-1,34,36,-45
249,126,-8,0,0,-1,34,36,-45
249,158,-7,0,0,-1,34,36,-45
181,180,-8,0,0,-1,34,36,-45
47,193,-8,0,0,-1,38,39,-41
-86,181,-8,0,0,0,38,39,-41
-181,127,-8,0,0,0,38,39,-41
-223,108,-7,0,0,0,38,39,-41
-231,100,-8,0,0,0,38,39,-41
-214,92,-7,0,0,0,38,39,-41
-180,77,-8,0,0,0,38,39,-41
-136,58,-7,0,0,0,38,39,-41
-85,37,-8,0,0,0,38,39,-41
-30,16,-8,0,0,0,38,39,-41
25,-5,-7,0,0,0,38,39,-41
81,-23,-8,0,0,0,38,39,-41
131,-41,-8,0,0,0,38,39,-41
177,-57,-8,0,0,0,39,44,-57
225,-65,-8,0,0,0,39,44,-57
249,-64,-8,0,0,0,39,44,-57
249,-50,-8,0,0,0,39,44,-57
249,-32,-8,0,0,0,39,44,-57
249,-20,-8,0,0,0,39,44,-57
249,-5,-8,0,0,0,39,44,-57
249,1,-8,0,0,0,39,44,-57
249,-8,-7,0,0,0,39,44,-57
249,-38,-8,0,0,0,39,44,-57
249,-72,-8,0,0,-1,39,44,-57
189,-71,-8,0,0,-1,39,44,-57
5,-71,-8,0,0,-1,37,38,-48
-154,-82,-8,0,0,-1,37,38,-48
-250,-102,-7,0,0,0,37,38,-48
-229,-101,-8,0,0,0,37,38,-48
-168,-101,-8,0,0,0,37,38,-48
-165,-95,-8,0,0,0,37,38,-48
-167,-76,-8,0,0,0,37,38,-48
-168,-62,-8,0,0,0,37,38,-48
-162,-48,-8,0,0,0,37,38,-48
-128,-46,-8,0,0,0,37,38,-48
-76,-61,-8,0,0,0,37,38,-48
-8,-96,-8,0,0,0,37,38,-48
71,-148,-8,0,0,0,25,37,-60
150,-215,-8,0,0,0,25,37,-60
223,-250,-8,0,0,0,25,37,-60
249,-250,-7,0,0,0,25,37,-60
249,-250,-8,0,0,0,25,37,-60
249,-250,-8,0,0,-1,25,37,-60
249,-250,-8,0,0,-1,25,37,-60
249,-206,-8,0,0,-1,25,37,-60
249,-136,-8,0,0,-2,25,37,-60
249,-56,-8,0,0,-2,25,37,-60
244,41,-8,-1,0,-2,25,37,-60
88,144,-8,-1,0,-2,25,37,-60
-92,249,-8,-1,0,-2,25,37,-60
-250,249,-8,-1,0,-2,25,35,-38
-250,249,-7,-1,0,-2,25,35,-38
-250,249,-8,-1,0,-2,25,35,-38
-250,249,-8,-1,-1,-2,25,35,-38
-250,249,-8,0,-1,-1,25,35,-38
-250,249,-7,0,-1,-1,25,35,-38
-250,249,-7,0,-1,0,25,35,-38
-250,249,-8,0,-1,0,25,35,-38
-250,249,-8,0,-1,0,25,35,-38
-250,249,-8,0,-1,0,25,35,-38
-250,249,-7,0,-1,1,25,35,-38
-229,249,-8,0,0,1,25,35,-38
-20,249,-8,-1,0,1,27,33,-37
151,249,-7,-1,0,1,27,33,-37
189,249,-8,0,0,1,27,33,-37
130,141,-8,0,0,1,27,33,-37
57,9,-8,0,0,1,27,33,-37
-1,-76,-8,0,0,1,27,33,-37
-46,-139,-7,0,0,1,27,33,-37
-81,-187,-7,0,0,1,27,33,-37
-110,-238,-8,0,0,1,27,33,-37
-117,-250,-7,0,0,1,27,33,-37
-96,-250,-8,0,0,1,27,33,-37
-64,-250,-8,0,0,1,27,33,-37
-27,-250,-8,0,0,1,13,36,-49
18,-250,-8,0,0,1,13,36,-49
77,-250,-8,0,0,1,13,36,-49
140,-250,-8,0,0,0,13,36,-49
184,-250,-8,0,0,0,13,36,-49
208,-250,-8,0,0,0,13,36,-49
226,-250,-8,-1,0,0,13,36,-49
249,-250,-8,-1,0,0,13,36,-49
249,-250,-7,0,0,-1,13,36,-49
226,-250,-8,0,0,-1,13,36,-49
156,-250,-8,0,0,-2,13,36,-49
75,-232,-8,-1,0,-2,13,36,-49
4,-113,-8,-1,0,-2,13,36,-49
-18,-4,-8,-1,1,-1,15,34,-48
15,52,-8,-1,0,-1,15,34,-48
46,53,-7,0,0,0,15,34,-48
24,19,-8,0,0,0,15,34,-48
-41,-26,-7,0,0,0,15,34,-48
-125,-52,-7,0,0,0,15,34,-48
-184,-43,-8,0,0,0,15,34,-48
-177,-4,-8,0,0,0,15,34,-48
-94,61,-7,-1,0,0,15,34,-48
33,132,-7,-1,0,0,15,34,-48
148,172,-7,0,0,0,15,34,-48
206,162,-8,0,0,0,15,34,-48
205,126,-8,0,0,0,25,35,-53
176,82,-8,0,0,0,25,35,-53
140,37,-7,0,0,0,25,35,-53
104,-10,-7,0,0,0,25,35,-53
65,-61,-7,0,0,0,25,35,-53
23,-116,-7,0,0,0,25,35,-53
-14,-167,-7,0,0,0,25,35,-53
-31,-200,-7,0,0,0,25,35,-53
-14,-206,-7,0,0,0,25,35,-53
19,-205,-7,0,0,0,25,35,-53
47,-213,-7,0,0,0,25,35,-53
40,-241,-8,0,0,0,25,35,-53
-18,-250,-8,0,0,0,45,51,-30
-121,-250,-8,0,0,0,45,51,-30
-245,-250,-8,0,0,0,45,51,-30
-250,-250,-7,0,0,0,45,51,-30
-250,-250,-7,0,0,-1,45,51,-30
-250,-250,-7,0,0,-1,45,51,-30
-250,-225,-7,0,0,-1,45,51,-30
-250,-173,-7,-1,0,0,45,51,-30
-250,-104,-7,-1,0,0,45,51,-30
-250,-11,-7,0,0,0,45,51,-30
-250,93,-8,0,0,0,45,51,-30
-250,220,-7,0,-1,0,45,51,-30
-133,249,-7,1,-2,-1,45,51,-30
-39,249,-7,1,-2,-1,40,56,-65
60,249,-7,1,-2,-1,40,56,-65
168,249,-8,1,-2,-1,40,56,-65
224,249,-8,1,-2,-1,40,56,-65
233,249,-8,1,-1,0,40,56,-65
222,249,-8,1,-1,0,40,56,-65
223,249,-8,1,-1,0,40,56,-65
249,249,-8,1,-1,0,40,56,-65
249,249,-8,1,-1,0,40,56,-65
249,249,-8,1,0,0,40,56,-65
249,249,-8,1,0,0,40,56,-65
249,249,-8,1,0,0,40,56,-65
249,249,-8,1,0,0,28,67,-71
249,249,-8,1,0,0,28,67,-71
249,249,-7,1,0,0,28,67,-71
222,249,-8,0,0,0,28,67,-71
164,249,-7,0,0,0,28,67,-71
90,249,-8,1,0,0,28,67,-71
50,249,-8,1,0,0,28,67,-71
72,194,-8,1,0,1,28,67,-71
133,60,-8,1,0,1,28,67,-71
202,-99,-8,1,0,1,28,67,-71
249,-218,-8,1,0,1,28,67,-71
249,-250,-8,1,0,0,28,67,-71
249,-250,-8,1,0,0,28,67,-71
249,-250,-8,1,0,0,37,57,-67
249,-250,-8,0,0,0,37,57,-67
171,-202,-8,0,0,-1,37,57,-67
95,-159,-8,0,0,-1,37,57,-67
42,-145,-8,0,0,0,37,57,-67
44,-163,-8,0,0,0,37,57,-67
76,-176,-8,0,0,0,37,57,-67
60,-142,-8,0,0,0,37,57,-67
-45,-63,-8,0,0,-1,37,57,-67
-180,26,-8,0,0,-2,37,57,-67
-243,94,-8,0,0,-1,37,57,-67
-185,126,-8,0,0,0,37,57,-67
-36,129,-8,0,0,0,23,48,-70
102,96,-8,-1,0,0,23,48,-70
152,30,-8,-1,0,0,23,48,-70
154,-22,-8,-1,0,0,23,48,-70
171,18,-8,-1,0,0,23,48,-70
157,95,-8,-1,0,-1,23,48,-70
71,172,-8,-1,0,-1,23,48,-70
-64,226,-8,-1,0,-2,23,48,-70
-148,249,-8,-1,0,-1,23,48,-70
-189,249,-8,-2,0,-1,23,48,-70
-223,249,-8,-2,0,-1,23,48,-70
-250,249,-8,-2,0,-1,23,48,-70
-250,249,-8,-2,0,-2,13,38,-35
-250,249,-8,-2,0,-2,13,38,-35
-250,249,-8,-2,-1,-1,13,38,-35
-250,249,-8,-1,-1,-1,13,38,-35
-250,249,-8,-1,-1,-1,13,38,-35
-236,249,-8,-1,-1,0,13,38,-35
-126,249,-7,-1,-1,0,13,38,-35
-25,249,-8,-1,-1,0,13,38,-35
39,249,-8,0,-1,0,13,38,-35
55,249,-8,0,-1,0,13,38,-35
29,249,-8,0,-1,0,13,38,-35
-7,249,-8,0,-1,0,13,38,-35
-31,249,-7,0,-1,1,13,38,-35
-30,249,-7,0,0,1,26,36,-30
-22,249,-8,0,0,1,26,36,-30
-23,249,-8,0,0,1,26,36,-30
-15,249,-8,0,0,1,26,36,-30
6,249,-8,0,0,1,26,36,-30
27,245,-7,0,0,1,26,36,-30
32,174,-7,0,0,1,26,36,-30
31,112,-8,0,0,1,26,36,-30
23,42,-8,0,0,1,26,36,-30
13,-39,-8,0,0,1,26,36,-30
-1,-127,-8,0,0,1,26,36,-30
-27,-217,-8,0,0,1,26,36,-30
-56,-250,-8,0,0,1,3,44,-39
-84,-250,-8,0,0,1,3,44,-39
-107,-250,-8,0,0,1,3,44,-39
-107,-250,-8,0,0,1,3,44,-39
-97,-250,-8,0,0,0,3,44,-39
-99,-250,-7,0,0,0,3,44,-39
-119,-250,-8,0,0,0,3,44,-39
-152,-250,-8,0,0,0,3,44,-39
-167,-250,-8,0,0,0,3,44,-39
-155,-250,-8,0,0,0,3,44,-39
-130,-250,-8,0,0,0,3,44,-39
-81,-250,-8,0,0,0,3,44,-39
-10,-250,-8,0,0,-1,3,42,-43
66,-235,-8,-1,0,-1,3,42,-43
124,-112,-8,-1,0,-1,3,42,-43
113,-7,-8,-1,0,-1,3,42,-43
42,56,-8,-1,0,-1,3,42,-43
-26,77,-8,-1,0,-1,3,42,-43
-61,73,-7,-1,0,0,3,42,-43
-47,60,-7,-1,0,0,3,42,-43
-4,50,-8,-1,0,0,3,42,-43
24,52,-7,-1,0,0,3,42,-43
10,61,-8,-1,0,0,3,42,-43
-32,58,-8,-1,0,0,3,42,-43
-32,33,-7,-1,0,0,3,42,-43
55,-25,-8,-1,0,1,36,35,-44
132,-136,-8,-2,0,1,36,35,-44
118,-250,-7,-2,0,1,36,35,-44
42,-250,-7,-2,0,0,36,35,-44
-43,-250,-7,-1,0,0,36,35,-44
-97,-250,-7,-2,0,0,36,35,-44
-118,-250,-7,-1,0,0,36,35,-44
-128,-235,-7,-1,0,-1,36,35,-44
-160,-107,-7,-1,0,-1,36,35,-44
-250,-19,-7,0,0,-1,36,35,-44
-250,23,-7,0,-1,-2,36,35,-44
-250,69,-7,0,-1,-1,36,35,-44
-250,151,-7,0,-1,-1,43,53,-62
-250,249,-7,0,-1,0,43,53,-62
-242,249,-7,1,-1,0,43,53,-62
29,249,-8,1,-1,0,43,53,-62
249,249,-8,1,0,0,43,53,-62
249,249,-7,1,-1,0,43,53,-62
249,249,-8,1,-1,-1,43,53,-62
249,249,-7,1,0,-1,43,53,-62
249,249,-7,1,0,-1,43,53,-62
249,249,-8,1,0,-1,43,53,-62
249,249,-8,1,0,-1,43,53,-62
249,249,-7,1,0,-1,43,53,-62
249,249,-7,1,0,0,15,61,-70
249,249,-7,1,0,0,15,61,-70
249,249,-8,1,0,0,15,61,-70
249,249,-8,1,0,0,15,61,-70
249,249,-8,1,0,0,15,61,-70
248,249,-8,1,0,0,15,61,-70
203,249,-8,1,0,0,15,61,-70
151,249,-7,1,0,0,15,61,-70
76,249,-8,1,0,0,15,61,-70
-16,249,-7,1,0,0,15,61,-70
-109,249,-8,1,0,0,15,61,-70
-170,249,-8,0,0,0,15,61,-70
-179,249,-8,0,0,0,15,61,-70
-145,242,-7,0,0,1,12,61,-71
-96,192,-8,0,0,1,12,61,-71
-59,136,-8,1,0,1,12,61,-71
-50,78,-7,1,0,1,12,61,-71
-71,16,-8,1,0,1,12,61,-71
-111,-40,-8,1,0,0,12,61,-71
-151,-88,-8,1,0,0,12,61,-71
-171,-123,-8,0,0,0,12,61,-71
-170,-150,-8,0,0,0,12,61,-71
-141,-176,-8,0,0,0,12,61,-71
-75,-208,-8,0,0,1,12,61,-71
-10,-246,-8,0,0,0,12,61,-71
46,-250,-8,0,0,0,30,65,-71
78,-250,-8,0,0,0,30,65,-71
75,-250,-8,0,0,0,30,65,-71
55,-250,-8,0,0,0,30,65,-71
39,-250,-8,0,0,0,30,65,-71
41,-250,-8,0,0,0,30,65,-71
51,-250,-8,0,0,0,30,65,-71
54,-249,-8,0,0,0,30,65,-71
46,-224,-8,0,-1,0,30,65,-71
40,-180,-8,0,-1,-1,30,65,-71
44,-104,-8,-1,-1,-1,30,65,-71
53,18,-8,-1,0,-1,30,65,-71
-9,124,-8,-1,-1,-1,1,55,-56
-132,192,-8,-2,0,-1,1,55,-56
-208,249,-8,-2,0,-1,1,55,-56
-179,249,-8,-2,0,-1,1,55,-56
-149,249,-8,-2,0,-1,1,55,-56
-112,249,-8,-2,0,-1,1,55,-56
-66,249,-8,-2,-1,-1,1,55,-56
-34,249,-7,-2,-1,-1,1,55,-56
-19,249,-8,-2,-1,-1,1,55,-56
-15,249,-8,-2,-1,-1,1,55,-56
-17,249,-8,-2,-1,-1,1,55,-56
-21,249,-8,-1,-2,-1,1,55,-56
-8,249,-7,-1,-2,0,1,55,-56
28,249,-8,-1,-2,0,16,39,-28
79,249,-8,-1,-2,0,16,39,-28
125,249,-8,-1,-1,0,16,39,-28
152,249,-8,-1,-1,0,16,39,-28
164,249,-8,0,-1,0,16,39,-28
164,249,-8,0,-1,0,16,39,-28
158,249,-8,-1,-1,0,16,39,-28
136,249,-7,0,0,0,16,39,-28
94,249,-7,0,0,0,16,39,-28
74,249,-8,0,0,0,16,39,-28
75,249,-8,0,0,0,16,39,-28
85,249,-8,0,0,0,16,39,-28
100,249,-8,0,0,0,24,36,-32
121,249,-7,0,0,0,24,36,-32
149,249,-7,0,0,0,24,36,-32
163,231,-8,0,0,0,24,36,-32
137,186,-7,0,0,0,24,36,-32
82,118,-8,0,0,0,24,36,-32
38,25,-8,-1,0,1,24,36,-32
27,-83,-7,-1,0,1,24,36,-32
44,-208,-8,-1,0,1,24,36,-32
62,-250,-8,0,0,1,24,36,-32
64,-250,-8,0,0,1,24,36,-32
58,-250,-7,0,0,1,24,36,-32
74,-250,-8,0,0,1,24,36,-32
127,-250,-7,0,0,1,29,41,-63
215,-250,-8,0,0,1,29,41,-63
249,-250,-8,-1,0,0,29,41,-63
249,-250,-7,-1,-1,0,29,41,-63
249,-250,-8,-1,-1,0,29,41,-63
249,-250,-7,-1,-1,0,29,41,-63
249,-250,-7,-1,-1,0,29,41,-63
249,-250,-7,0,-1,-1,29,41,-63
249,-250,-8,0,0,-1,29,41,-63
249,-250,-7,0,0,-1,29,41,-63
249,-250,-8,0,0,-1,29,41,-63
249,-250,-7,0,0,-1,29,41,-63
249,-250,-8,0,0,-1,9,56,-66
249,-250,-8,0,0,-2,9,56,-66
249,-168,-8,0,0,-2,9,56,-66
235,-58,-8,0,0,-2,9,56,-66
218,105,-8,-1,0,-2,9,56,-66
182,237,-8,-1,-1,-2,9,56,-66
134,249,-8,-1,-1,-2,9,56,-66
83,249,-7,-2,-1,-2,9,56,-66
58,249,-8,-2,-1,-1,9,56,-66
84,249,-8,-2,-1,-1,9,56,-66
120,249,-8,-2,-1,-1,9,56,-66
102,249,-7,-2,-1,-1,9,56,-66
8,249,-7,-2,-1,-1,31,37,-34
-161,249,-7,-2,-2,-1,31,37,-34
-250,249,-7,-2,-2,-1,31,37,-34
-250,249,-7,-2,-2,0,31,37,-34
-250,249,-7,-2,-2,0,31,37,-34
-250,249,-7,-1,-2,0,31,37,-34
-250,249,-7,-1,-2,0,31,37,-34
-250,249,-8,0,-2,0,31,37,-34
-209,249,-7,0,-1,0,31,37,-34
-178,249,-7,0,-1,0,31,37,-34
-144,249,-7,0,0,0,31,37,-34
-103,249,-7,0,0,1,31,37,-34
-49,249,-7,0,0,1,31,37,-34
13,249,-8,0,0,1,27,34,-50
83,207,-7,0,0,1,27,34,-50
160,65,-8,0,0,1,27,34,-50
231,-68,-8,0,0,1,27,34,-50
249,-186,-8,0,0,1,27,34,-50
249,-250,-8,0,0,1,27,34,-50
249,-250,-8,0,0,1,27,34,-50
249,-250,-8,0,0,1,27,34,-50
249,-250,-8,0,0,1,27,34,-50
249,-250,-8,0,0,1,27,34,-50
249,-250,-8,0,0,1,27,34,-50
249,-250,-8,0,0,0,27,34,-50
249,-250,-8,0,0,0,28,53,-70
249,-250,-8,-1,0,0,28,53,-70
249,-250,-8,-1,0,0,28,53,-70
249,-250,-8,-1,0,0,28,53,-70
249,-250,-8,0,-1,0,28,53,-70
249,-250,-8,0,-1,-1,28,53,-70
249,-250,-8,0,0,-2,28,53,-70
249,-250,-8,0,0,-2,28,53,-70
249,-122,-8,0,0,-2,28,53,-70
249,35,-8,0,0,-2,28,53,-70
249,152,-8,-1,0,-2,28,53,-70
137,249,-8,-1,-1,-2,28,53,-70
99,249,-8,-1,-1,-2,11,38,-52
86,249,-8,-1,-1,-1,11,38,-52
100,249,-8,-1,-1,-1,11,38,-52
128,249,-8,-2,-1,-1,11,38,-52
108,249,-8,-2,-1,-1,11,38,-52
41,249,-8,-2,0,0,11,38,-52
-22,249,-7,-2,0,0,11,38,-52
-90,249,-7,-2,0,0,11,38,-52
-192,249,-7,-2,-1,0,11,38,-52
-250,249,-7,-2,-2,0,11,38,-52
-250,249,-7,-2,-2,0,11,38,-52
-250,249,-7,-2,-2,0,11,38,-52
-250,249,-7,-2,-2,0,11,38,-52
-250,249,-7,-2,-1,0,48,52,-43
-250,249,-7,-2,-1,0,48,52,-43
-250,249,-7,-1,-1,1,48,52,-43
-250,168,-7,-1,-1,1,48,52,-43
-250,96,-7,-1,-1,1,48,52,-43
-250,60,-7,0,-1,0,48,52,-43
-250,81,-7,0,-1,0,48,52,-43
-250,173,-8,1,-1,0,48,52,-43
-104,249,-7,1,-1,0,48,52,-43
86,249,-7,1,-1,0,48,52,-43
249,249,-7,1,-1,0,48,52,-43
249,249,-7,1,0,0,48,52,-43
249,249,-8,1,0,0,34,53,-68
249,249,-8,1,0,0,34,53,-68
249,249,-8,1,0,0,34,53,-68
249,249,-8,1,0,1,34,53,-68
249,249,-8,1,0,1,34,53,-68
249,249,-8,1,0,1,34,53,-68
249,240,-8,1,-1,1,34,53,-68
249,135,-8,1,-1,1,34,53,-68
249,29,-8,0,0,1,34,53,-68
249,-55,-8,0,0,1,34,53,-68
249,-115,-8,0,0,1,34,53,-68
249,-139,-8,0,0,0,34,53,-68
249,-155,-8,0,0,0,30,58,-70
249,-186,-8,0,0,0,30,58,-70
249,-221,-8,0,0,0,30,58,-70
249,-250,-8,0,0,0,30,58,-70
249,-250,-8,0,0,0,30,58,-70
249,-250,-8,-1,0,0,30,58,-70
249,-246,-8,-1,0,0,30,58,-70
249,-191,-8,-1,0,-1,30,58,-70
249,-101,-8,-1,0,-1,30,58,-70
228,12,-8,-1,0,-1,30,58,-70
153,112,-8,-1,0,-1,30,58,-70
36,168,-8,-1,0,-1,30,58,-70
-26,249,-8,-1,0,-1,30,58,-70
-49,249,-8,-1,0,-1,16,40,-59
-48,249,-8,-1,-1,-1,16,40,-59
-30,249,-8,-2,-1,-1,16,40,-59
-32,249,-8,-2,-1,-1,16,40,-59
-82,249,-8,-2,0,-1,16,40,-59
-143,249,-7,-2,0,0,16,40,-59
-161,249,-7,-2,0,0,16,40,-59
-164,249,-7,-2,0,0,16,40,-59
-206,249,-7,-2,-1,0,16,40,-59
-250,249,-7,-2,-1,0,16,40,-59
-250,249,-7,-2,-1,0,16,40,-59
-250,249,-7,-2,-1,0,16,40,-59
-250,249,-7,-2,-1,0,49,52,-45
-250,249,-7,-2,-1,0,49,52,-45
-250,228,-7,-2,-1,0,49,52,-45
-250,170,-7,-1,-1,0,49,52,-45
-250,106,-7,-1,-1,1,49,52,-45
-250,52,-7,-1,-1,1,49,52,-45
-250,34,-7,0,-1,0,49,52,-45
-250,83,-7,0,-1,0,49,52,-45
-250,172,-7,0,-1,0,49,52,-45
-250,249,-7,1,-1,0,49,52,-45
-234,249,-8,1,-1,0,49,52,-45
-39,249,-8,1,-1,0,49,52,-45
172,249,-8,1,0,0,49,52,-45
249,249,-8,1,0,0,35,58,-69
249,249,-8,1,0,0,35,58,-69
249,249,-8,1,0,0,35,58,-69
249,249,-8,1,0,0,35,58,-69
249,249,-8,1,0,0,35,58,-69
249,249,-8,1,0,0,35,58,-69
249,249,-8,1,0,0,35,58,-69
249,249,-8,1,0,0,35,58,-69
249,249,-8,1,0,0,35,58,-69
249,249,-8,1,0,0,35,58,-69
249,249,-8,1,0,0,35,58,-69
249,249,-8,0,0,1,35,58,-69
249,171,-8,0,0,1,39,65,-68
249,45,-8,0,0,1,39,65,-68
249,-69,-8,0,0,1,39,65,-68
249,-151,-8,0,0,1,39,65,-68
249,-190,-8,0,0,0,39,65,-68
249,-174,-8,0,0,0,39,65,-68
249,-130,-8,0,0,0,39,65,-68
249,-86,-8,0,0,0,39,65,-68
249,-56,-8,0,0,0,39,65,-68
249,-55,-8,0,0,0,39,65,-68
249,-89,-8,0,0,0,39,65,-68
249,-134,-8,-1,0,0,39,65,-68
249,-153,-8,-1,0,0,19,50,-69
249,-108,-8,-1,0,-1,19,50,-69
249,11,-8,-1,0,-1,19,50,-69
131,168,-8,-2,0,-2,19,50,-69
-74,249,-8,-2,0,-2,19,50,-69
-231,249,-8,-2,0,-2,19,50,-69
-250,249,-8,-2,-1,-2,19,50,-69
-250,249,-7,-2,-1,-1,19,50,-69
-250,249,-8,-2,-1,-1,19,50,-69
-250,249,-8,-2,-1,0,19,50,-69
-250,249,-8,-2,-1,0,19,50,-69
-250,249,-8,-2,-1,0,19,50,-69
-250,249,-8,-2,0,0,19,50,-69
-250,249,-8,-2,0,0,28,32,-46
-250,249,-7,-2,0,0,28,32,-46
-250,249,-7,-2,0,0,28,32,-46
-250,249,-7,-2,0,0,28,32,-46
-250,249,-7,-2,-1,0,28,32,-46
-250,249,-7,-2,0,1,28,32,-46
-250,220,-8,-1,0,1,28,32,-46
-250,30,-7,-1,0,1,28,32,-46
-249,-142,-7,0,0,1,28,32,-46
-246,-221,-8,0,0,0,28,32,-46
-250,-246,-7,0,0,0,28,32,-46
-250,-233,-7,-1,0,0,28,32,-46
-250,-167,-7,-1,0,-1,49,54,-50
-250,-45,-7,-1,0,-1,49,54,-50
-250,82,-7,-1,0,-1,49,54,-50
-250,185,-7,0,-1,0,49,54,-50
-250,249,-7,0,-1,0,49,54,-50
-197,249,-8,0,-2,0,49,54,-50
-72,249,-7,1,-2,-1,49,54,-50
30,249,-8,1,-1,-1,49,54,-50
138,249,-8,1,-1,-1,49,54,-50
249,249,-8,1,-1,0,49,54,-50
249,249,-7,1,-1,0,49,54,-50
249,249,-8,1,0,0,49,54,-50
249,249,-7,1,0,0,36,52,-66
249,249,-8,1,0,0,36,52,-66
249,249,-8,1,0,0,36,52,-66
249,249,-8,1,0,0,36,52,-66
241,249,-8,1,0,1,36,52,-66
235,249,-8,1,0,1,36,52,-66
205,244,-8,1,0,1,36,52,-66
162,159,-8,1,0,1,36,52,-66
135,70,-8,1,0,1,36,52,-66
136,-20,-8,1,0,1,36,52,-66
176,-88,-8,1,0,1,36,52,-66
234,-126,-8,0,0,0,36,52,-66
249,-139,-8,0,0,0,36,52,-66
239,-126,-8,0,0,0,21,41,-64
162,-103,-8,0,0,0,21,41,-64
76,-67,-8,0,0,-1,21,41,-64
-17,-9,-8,0,0,-1,21,41,-64
-104,66,-8,0,0,-1,21,41,-64
-147,140,-8,-1,0,-1,21,41,-64
-148,193,-8,-1,0,-1,21,41,-64
-148,217,-8,-1,0,0,21,41,-64
-216,197,-8,-2,0,0,21,41,-64
-250,129,-8,-2,0,0,21,41,-64
-250,79,-8,-2,1,0,21,41,-64
-250,77,-7,-2,0,0,21,41,-64
-250,101,-7,-2,0,0,42,43,-42
-250,100,-7,-2,0,0,42,43,-42
-250,62,-7,-1,0,0,42,43,-42
-250,13,-7,-1,0,0,42,43,-42
-250,-17,-7,-1,0,0,42,43,-42
-250,-18,-7,-1,0,0,42,43,-42
-250,-6,-8,-1,0,0,42,43,-42
-250,4,-7,0,0,0,42,43,-42
-250,11,-7,0,0,0,42,43,-42
-250,19,-7,0,0,0,42,43,-42
-250,43,-7,0,0,-1,42,43,-42
-250,106,-7,0,0,-1,42,43,-42
-250,218,-7,0,0,-1,40,51,-64
-250,249,-7,0,0,-1,40,51,-64
-160,249,-8,1,0,0,40,51,-64
-26,249,-7,1,0,0,40,51,-64
53,249,-8,1,0,0,40,51,-64
120,249,-7,1,0,0,40,51,-64
184,249,-7,1,0,0,40,51,-64
243,249,-8,1,0,0,40,51,-64
249,249,-8,1,0,0,40,51,-64
249,249,-8,1,0,0,40,51,-64
249,249,-8,1,0,0,40,51,-64
247,249,-8,1,0,0,40,51,-64
202,249,-8,1,0,0,40,51,-64
147,249,-7,1,0,0,22,44,-64
105,244,-8,1,0,0,22,44,-64
80,169,-8,1,0,1,22,44,-64
59,81,-8,1,0,1,22,44,-64
34,23,-8,1,0,1,22,44,-64
-32,-18,-8,1,0,0,22,44,-64
-130,-86,-8,0,0,0,22,44,-64
-208,-185,-8,0,0,0,22,44,-64
-228,-250,-8,0,0,0,22,44,-64
-180,-250,-8,0,0,0,22,44,-64
-116,-250,-8,0,0,0,22,44,-64
-85,-226,-8,-1,0,-1,22,44,-64
0,-100,-8,-2,0,-1,39,39,-48
45,-31,-8,-2,0,-1,39,39,-48
-76,-48,-8,-2,0,-1,39,39,-48
-250,-123,-8,-2,1,-1,39,39,-48
-250,-142,-8,-2,1,-1,39,39,-48
-250,-102,-8,-2,1,0,39,39,-48
-250,-98,-7,-2,0,0,39,39,-48
-250,-99,-7,-2,0,0,39,39,-48
-250,-98,-7,-1,0,0,39,39,-48
-250,-86,-7,-1,0,0,39,39,-48
-250,-38,-7,0,0,0,39,39,-48
-250,53,-7,0,0,0,39,39,-48
-250,162,-7,0,-1,0,39,51,-63
-95,249,-7,1,-1,0,39,51,-63
91,249,-7,1,0,0,39,51,-63
193,249,-7,1,0,-1,39,51,-63
222,249,-8,1,0,0,39,51,-63
249,249,-8,1,0,0,39,51,-63
249,249,-8,1,0,0,39,51,-63
249,249,-8,1,0,0,39,51,-63
249,249,-8,1,0,0,39,51,-63
249,241,-8,1,0,0,39,51,-63
249,188,-8,1,0,0,39,51,-63
249,95,-8,1,0,0,39,51,-63
249,4,-8,1,0,0,39,51,-63
249,-50,-8,1,0,0,30,53,-68
249,-82,-8,0,0,0,30,53,-68
249,-97,-8,0,0,0,30,53,-68
249,-98,-8,0,0,0,30,53,-68
249,-86,-8,0,0,0,30,53,-68
249,-76,-8,0,0,0,30,53,-68
249,-104,-8,0,0,0,30,53,-68
249,-113,-8,0,0,0,30,53,-68
239,-77,-8,0,0,0,30,53,-68
151,-17,-8,-1,0,-1,30,53,-68
76,72,-8,-1,0,-1,30,53,-68
34,194,-8,-1,0,-1,30,53,-68
5,249,-8,-1,0,-1,21,33,-49
-73,249,-8,-2,0,-1,21,33,-49
-219,249,-8,-2,0,-2,21,33,-49
-250,249,-8,-2,0,-1,21,33,-49
-250,249,-8,-2,0,-1,21,33,-49
-250,249,-8,-2,-1,-1,21,33,-49
-250,249,-7,-2,-1,0,21,33,-49
-250,249,-7,-2,-1,0,21,33,-49
-250,249,-7,-2,-1,0,21,33,-49
-250,249,-7,-1,-1,0,21,33,-49
-250,249,-7,-1,0,0,21,33,-49
-250,249,-7,-1,0,0,21,33,-49
-250,249,-7,0,0,1,35,43,-56
-250,249,-7,0,0,1,35,43,-56
-220,230,-7,0,0,1,35,43,-56
-70,141,-7,0,0,1,35,43,-56
135,61,-8,0,0,1,35,43,-56
249,-16,-7,0,0,1,35,43,-56
249,-101,-8,0,0,1,35,43,-56
249,-194,-8,0,0,0,35,43,-56
249,-250,-7,0,0,0,35,43,-56
249,-250,-7,0,0,0,35,43,-56
249,-250,-8,0,0,0,35,43,-56
249,-250,-7,0,0,0,35,43,-56
249,-250,-8,0,0,0,35,43,-56
249,-250,-8,0,0,0,27,49,-69
249,-250,-8,0,0,0,27,49,-69
249,-250,-8,0,0,-1,27,49,-69
249,-250,-8,0,0,-1,27,49,-69
249,-239,-8,0,0,-1,27,49,-69
249,-102,-8,0,0,-1,27,49,-69
249,-29,-8,0,0,-1,27,49,-69
249,19,-8,0,0,-2,27,49,-69
249,148,-8,0,0,-2,27,49,-69
203,249,-8,-1,0,-2,27,49,-69
131,249,-8,-1,0,-2,27,49,-69
59,249,-8,-1,-1,-2,27,49,-69
3,249,-8,-2,-1,-2,16,35,-45
-19,249,-8,-2,-1,-1,16,35,-45
-31,249,-8,-2,-1,-1,16,35,-45
-102,249,-8,-2,-1,-1,16,35,-45
-203,249,-8,-2,0,-1,16,35,-45
-250,249,-7,-2,-1,-1,16,35,-45
-250,249,-7,-2,-1,0,16,35,-45
-250,249,-7,-2,-2,0,16,35,-45
-250,249,-7,-2,-2,0,16,35,-45
-250,249,-7,-2,-2,0,16,35,-45
-250,249,-8,-1,-1,0,16,35,-45
-250,249,-7,-1,-1,0,16,35,-45
-250,249,-7,-1,-1,0,16,35,-45
-250,249,-7,-1,-1,0,38,37,-42
-250,249,-7,0,-1,0,38,37,-42
-250,249,-7,0,-1,0,38,37,-42
-242,249,-7,0,0,0,38,37,-42
-244,249,-8,0,0,1,38,37,-42
-236,249,-8,0,0,1,38,37,-42
-146,249,-8,0,0,1,38,37,-42
59,45,-8,0,0,1,38,37,-42
249,-187,-8,0,0,1,38,37,-42
249,-250,-8,0,0,1,38,37,-42
249,-250,-8,0,0,1,38,37,-42
249,-250,-7,0,0,1,38,37,-42
249,-250,-8,0,0,1,35,49,-66
249,-250,-8,0,0,0,35,49,-66
249,-250,-8,0,0,0,35,49,-66
249,-250,-8,0,0,0,35,49,-66
249,-250,-8,0,0,0,35,49,-66
249,-250,-8,0,0,0,35,49,-66
249,-250,-8,0,0,-1,35,49,-66
249,-250,-8,0,0,-2,35,49,-66
249,-250,-8,0,0,-2,35,49,-66
249,-147,-8,0,0,-2,35,49,-66
249,-31,-8,0,0,-2,35,49,-66
249,106,-8,0,-1,-2,35,49,-66
179,249,-8,-1,-1,-2,16,36,-51
78,249,-8,-1,-1,-2,16,36,-51
16,249,-8,-2,-1,-2,16,36,-51
-5,249,-8,-2,-1,-1,16,36,-51
-12,249,-8,-2,-1,-1,16,36,-51
-38,249,-7,-2,0,-1,16,36,-51
-58,249,-7,-2,0,-1,16,36,-51
-98,249,-7,-2,-1,-1,16,36,-51
-212,249,-7,-2,-2,-1,16,36,-51
-250,249,-7,-2,-2,0,16,36,-51
-250,249,-7,-2,-2,0,16,36,-51
-250,249,-8,-2,-2,0,16,36,-51
-250,249,-7,-2,-2,0,16,36,-51
-250,249,-7,-1,-2,1,38,35,-46
-250,249,-7,-1,-2,1,38,35,-46
-250,249,-8,0,-1,1,38,35,-46
-218,249,-8,0,-1,1,38,35,-46
-78,249,-7,0,-1,1,38,35,-46
39,249,-8,0,0,1,38,35,-46
128,209,-8,0,0,1,38,35,-46
203,79,-7,0,0,1,38,35,-46
249,-62,-7,0,0,1,38,35,-46
249,-200,-8,0,0,1,38,35,-46
249,-250,-7,0,0,1,38,35,-46
249,-250,-8,0,0,1,38,35,-46
249,-250,-7,0,0,1,34,37,-57
249,-250,-8,0,0,0,34,37,-57
249,-250,-8,0,0,0,34,37,-57
249,-250,-8,0,0,0,34,37,-57
249,-250,-8,0,0,0,34,37,-57
249,-250,-8,1,-1,0,34,37,-57
249,-250,-8,1,-1,-1,34,37,-57
249,-250,-8,1,0,-2,34,37,-57
249,-250,-8,1,0,-2,34,37,-57
249,-169,-8,0,0,-2,34,37,-57
249,-70,-8,0,0,-2,34,37,-57
249,8,-8,0,0,-1,34,37,-57
235,98,-8,-1,0,-1,23,33,-52
154,205,-8,-1,0,-1,23,33,-52
30,249,-8,-1,0,-2,23,33,-52
-100,249,-8,-1,0,-1,23,33,-52
-196,249,-8,-2,0,-1,23,33,-52
-250,249,-8,-1,0,0,23,33,-52
-250,249,-7,-1,0,0,23,33,-52
-250,249,-8,-1,0,0,23,33,-52
-210,249,-7,-1,0,0,23,33,-52
-132,245,-8,-1,0,1,23,33,-52
-41,151,-8,-1,0,1,23,33,-52
47,74,-8,0,0,1,23,33,-52
97,9,-8,0,0,0,23,33,-52
86,-37,-7,0,0,0,35,38,-57
40,-66,-7,0,0,0,35,38,-57
9,-74,-8,0,0,0,35,38,-57
26,-67,-7,0,0,0,35,38,-57
84,-70,-8,0,0,0,35,38,-57
160,-106,-8,0,0,0,35,38,-57
233,-168,-8,0,0,0,35,38,-57
249,-223,-8,1,0,0,35,38,-57
249,-237,-7,1,0,0,35,38,-57
249,-196,-7,1,0,-1,35,38,-57
216,-107,-7,1,0,-1,35,38,-57
166,3,-8,1,0,-1,35,38,-57
104,96,-8,1,0,-1,20,36,-56
29,150,-8,0,0,-1,20,36,-56
-28,183,-8,0,0,-1,20,36,-56
-58,209,-8,0,0,-1,20,36,-56
-65,234,-8,0,0,0,20,36,-56
-60,249,-8,0,0,0,20,36,-56
-47,249,-8,0,0,0,20,36,-56
-44,249,-8,-1,0,0,20,36,-56
-56,229,-8,-1,0,0,20,36,-56
-69,193,-8,-1,0,0,20,36,-56
-73,162,-7,-1,0,0,20,36,-56
-70,136,-7,-1,0,0,20,36,-56
-69,111,-8,-1,0,0,28,36,-57
-66,83,-7,0,0,0,28,36,-57
-55,50,-7,0,0,0,28,36,-57
-34,19,-8,0,0,0,28,36,-57
-6,-2,-7,0,0,0,28,36,-57
25,-15,-7,0,0,0,28,36,-57
54,-25,-7,0,0,0,28,36,-57
75,-36,-7,0,0,0,28,36,-57
86,-49,-8,0,0,0,28,36,-57
87,-65,-8,0,0,0,28,36,-57
80,-82,-8,0,0,0,28,36,-57
75,-99,-8,0,0,0,28,36,-57
76,-112,-7,0,0,0,28,36,-57
83,-110,-8,0,0,0,30,38,-59
86,-95,-7,0,0,0,30,38,-59
83,-73,-8,0,0,0,30,38,-59
74,-46,-7,0,0,0,30,38,-59
55,-25,-7,0,0,0,30,38,-59
29,-12,-8,0,0,0,30,38,-59
4,-5,-7,0,0,0,30,38,-59
-9,0,-8,0,0,0,30,38,-59
-12,3,-8,0,0,0,30,38,-59
-12,7,-7,0,0,0,30,38,-59
-18,16,-7,0,0,0,30,38,-59
-34,32,-8,0,0,0,30,38,-59
-54,56,-8,0,0,0,35,38,-58
-68,82,-8,0,0,0,35,38,-58
-71,105,-8,0,0,0,35,38,-58
-64,121,-8,0,0,0,35,38,-58
-52,125,-8,0,0,0,35,38,-58
-35,118,-8,0,0,0,35,38,-58
-15,104,-8,0,0,0,35,38,-58
-2,93,-7,0,0,0,35,38,-58
4,89,-8,0,0,0,35,38,-58
6,94,-8,0,0,0,35,38,-58
6,102,-7,0,0,0,35,38,-58
-4,105,-8,0,0,0,35,38,-58
-34,96,-8,0,0,0,39,43,-60
-70,77,-8,0,0,0,39,43,-60
-92,52,-7,0,0,0,39,43,-60
-77,25,-7,0,0,0,39,43,-60
-30,-4,-7,0,0,0,39,43,-60
21,-38,-7,0,0,0,39,43,-60
64,-70,-8,0,0,0,39,43,-60
106,-99,-7,0,0,0,39,43,-60
162,-134,-8,1,0,0,39,43,-60
246,-179,-8,1,0,0,39,43,-60
249,-228,-8,0,0,1,39,43,-60
249,-250,-8,0,0,1,39,43,-60
249,-250,-8,0,0,1,39,43,-60
249,-250,-7,0,0,0,24,45,-66
249,-250,-8,0,0,0,24,45,-66
249,-250,-8,0,0,-1,24,45,-66
249,-250,-8,0,0,-2,24,45,-66
249,-157,-8,0,0,-2,24,45,-66
249,21,-8,0,0,-2,24,45,-66
182,175,-8,0,0,-2,24,45,-66
99,249,-8,0,0,-2,24,45,-66
36,249,-8,-1,0,-2,24,45,-66
-1,249,-8,-1,0,-1,24,45,-66
-18,249,-8,-2,0,-1,24,45,-66
-30,249,-8,-2,0,-1,24,45,-66
-77,249,-7,-2,0,-1,22,32,-46
-196,249,-7,-2,0,-1,22,32,-46
-250,249,-7,-2,0,-1,22,32,-46
-250,249,-7,-2,0,0,22,32,-46
-250,249,-7,-2,-1,0,22,32,-46
-250,249,-8,-2,-1,0,22,32,-46
-250,249,-8,-1,-1,1,22,32,-46
-250,249,-7,-1,-1,1,22,32,-46
-165,249,-7,-1,0,1,22,32,-46
-66,249,-7,0,0,1,22,32,-46
-10,249,-7,0,0,1,22,32,-46
27,156,-8,0,0,1,22,32,-46
93,78,-8,0,0,1,22,32,-46
161,16,-8,0,0,1,34,36,-54
199,-44,-8,0,0,1,34,36,-54
212,-106,-7,0,0,1,34,36,-54
209,-177,-7,0,0,1,34,36,-54
192,-250,-7,0,0,0,34,36,-54
179,-250,-7,0,0,0,34,36,-54
192,-250,-7,0,0,0,34,36,-54
227,-250,-8,0,0,0,34,36,-54
249,-250,-8,0,0,0,34,36,-54
249,-250,-8,0,0,0,34,36,-54
149,-217,-8,1,0,0,34,36,-54
16,-164,-8,1,0,0,34,36,-54
-83,-119,-8,1,0,0,32,35,-53
-114,-77,-8,1,0,0,32,35,-53
-82,-29,-8,0,0,0,32,35,-53
-37,7,-7,0,0,0,32,35,-53
0,28,-8,0,0,0,32,35,-53
22,42,-7,0,0,0,32,35,-53
24,44,-8,0,0,0,32,35,-53
8,41,-8,0,0,0,32,35,-53
-7,38,-8,0,0,0,32,35,-53
-15,32,-8,0,0,0,32,35,-53
-10,22,-8,0,0,0,32,35,-53
3,13,-8,0,0,0,32,35,-53
25,-1,-8,0,0,0,34,36,-52
49,-14,-8,0,0,0,34,36,-52
55,-21,-8,0,0,0,34,36,-52
47,-21,-7,0,0,0,34,36,-52
30,-5,-8,0,0,0,34,36,-52
6,31,-8,0,0,0,34,36,-52
-27,86,-7,0,0,0,34,36,-52
-69,153,-7,0,0,0,34,36,-52
-110,220,-8,0,0,0,34,36,-52
-135,249,-7,0,0,0,34,36,-52
-138,249,-7,0,0,0,34,36,-52
-127,249,-7,0,0,0,34,36,-52
-112,249,-8,0,0,0,34,36,-52
-109,249,-8,0,0,0,40,40,-55
-97,190,-7,0,0,1,40,40,-55
-80,102,-7,0,0,1,40,40,-55
-81,0,-7,0,0,1,40,40,-55
-81,-101,-7,1,0,1,40,40,-55
-50,-192,-8,0,0,1,40,40,-55
47,-250,-8,0,0,1,40,40,-55
234,-250,-8,0,0,1,40,40,-55
249,-250,-8,0,0,1,40,40,-55
249,-250,-8,0,0,1,40,40,-55
249,-250,-8,0,0,0,40,40,-55
249,-250,-8,0,-1,0,40,40,-55
249,-250,-8,0,0,-1,30,36,-51
249,-219,-8,0,0,-2,30,36,-51
249,13,-8,0,0,-2,30,36,-51
184,185,-8,0,0,-2,30,36,-51
-14,249,-8,-1,0,-2,30,36,-51
-184,249,-8,-1,1,-2,30,36,-51
-250,249,-8,-2,0,-1,30,36,-51
-250,249,-8,-2,0,-1,30,36,-51
-250,249,-7,-1,0,-1,30,36,-51
-250,249,-8,-1,0,0,30,36,-51
-250,249,-7,-1,0,0,30,36,-51
-250,249,-8,-1,0,1,30,36,-51
-250,249,-8,-1,0,1,43,39,-49
-250,249,-7,0,0,1,43,39,-49
-250,249,-8,0,0,1,43,39,-49
-250,249,-7,0,0,1,43,39,-49
-250,204,-7,0,0,1,43,39,-49
-197,122,-8,0,0,1,43,39,-49
-114,52,-7,0,0,1,43,39,-49
16,-7,-8,0,0,1,43,39,-49
185,-64,-8,0,0,1,43,39,-49
249,-121,-8,0,0,1,43,39,-49
249,-162,-7,0,0,1,43,39,-49
249,-175,-8,0,0,1,43,39,-49
249,-165,-8,0,0,0,43,39,-49
249,-159,-8,0,0,0,35,39,-60
249,-177,-8,0,0,0,35,39,-60
249,-237,-8,0,0,1,35,39,-60
249,-250,-8,0,0,1,35,39,-60
249,-250,-8,1,0,1,35,39,-60
249,-250,-8,1,-1,0,35,39,-60
249,-250,-8,0,0,0,35,39,-60
249,-250,-8,0,0,-1,35,39,-60
249,-250,-8,0,0,-2,35,39,-60
249,-153,-8,0,0,-2,35,39,-60
249,4,-8,0,0,-2,35,39,-60
194,149,-8,0,0,-2,35,39,-60
92,249,-8,-1,0,-2,24,31,-48
-2,249,-8,-1,0,-2,24,31,-48
-92,249,-8,-2,0,-2,24,31,-48
-181,249,-8,-2,0,-1,24,31,-48
-250,249,-8,-2,0,-1,24,31,-48
-250,249,-8,-2,0,0,24,31,-48
-250,249,-8,-2,0,0,24,31,-48
-250,249,-7,-2,0,0,24,31,-48
-250,249,-7,-2,0,0,24,31,-48
-250,249,-7,-1,0,0,24,31,-48
-250,249,-7,-1,0,0,24,31,-48
-250,249,-8,-1,0,0,24,31,-48
-250,249,-8,-1,-1,0,41,37,-46
-250,249,-8,-1,-1,0,41,37,-46
-250,249,-8,-1,-1,1,41,37,-46
-250,249,-7,0,-1,1,41,37,-46
-250,249,-7,0,-1,1,41,37,-46
-152,249,-8,0,-1,1,41,37,-46
-49,249,-7,0,-1,1,41,37,-46
57,140,-7,0,-1,1,41,37,-46
158,-23,-7,0,0,1,41,37,-46
249,-183,-7,0,0,1,41,37,-46
249,-250,-8,0,0,1,41,37,-46
249,-250,-8,0,0,1,41,37,-46
249,-250,-7,0,0,1,41,37,-46
249,-250,-8,0,0,1,35,36,-55
249,-250,-8,0,0,1,35,36,-55
249,-250,-7,0,0,0,35,36,-55
249,-250,-7,0,0,0,35,36,-55
249,-250,-8,0,0,0,35,36,-55
249,-250,-8,0,0,0,35,36,-55
249,-250,-8,0,0,0,35,36,-55
249,-250,-8,0,0,0,35,36,-55
249,-250,-8,0,0,-1,35,36,-55
249,-250,-8,0,0,-1,35,36,-55
249,-250,-8,0,0,-1,35,36,-55
249,-182,-8,0,0,-1,35,36,-55
249,-24,-8,0,0,-2,23,33,-51
249,114,-8,0,0,-2,23,33,-51
148,235,-8,0,0,-2,23,33,-51
30,249,-8,-1,0,-2,23,33,-51
-71,249,-7,-1,0,-2,23,33,-51
-134,249,-8,-1,0,-1,23,33,-51
-163,249,-8,-1,0,-1,23,33,-51
-177,249,-8,-1,0,0,23,33,-51
-188,249,-8,-1,0,0,23,33,-51
-208,249,-8,-1,0,0,23,33,-51
-228,249,-8,-1,0,0,23,33,-51
-239,249,-7,-1,0,0,23,33,-51
-243,249,-7,-1,0,0,41,39,-47
-250,249,-8,-1,0,0,41,39,-47
-250,249,-7,-1,0,0,41,39,-47
-250,249,-7,-1,0,0,41,39,-47
-250,249,-7,-1,0,0,41,39,-47
-250,249,-7,0,0,1,41,39,-47
-250,249,-7,0,0,1,41,39,-47
-221,249,-7,0,0,1,41,39,-47
-156,249,-8,0,0,1,41,39,-47
-64,249,-8,0,0,1,41,39,-47
48,144,-7,0,0,1,41,39,-47
176,25,-8,0,0,1,41,39,-47
249,-96,-8,0,0,1,41,39,-47
249,-223,-7,0,0,1,41,42,-54
249,-250,-8,0,0,1,41,42,-54
249,-250,-8,0,0,1,41,42,-54
249,-250,-7,0,0,1,41,42,-54
249,-250,-8,0,0,1,41,42,-54
249,-250,-8,0,0,1,41,42,-54
249,-250,-8,0,-1,0,41,42,-54
249,-250,-8,0,0,0,41,42,-54
249,-250,-8,0,0,0,41,42,-54
249,-250,-8,0,0,0,41,42,-54
249,-250,-8,0,0,-1,41,42,-54
249,-250,-8,0,0,-1,41,42,-54
249,-250,-8,0,0,-2,29,35,-53
249,-142,-8,0,0,-2,29,35,-53
249,53,-8,0,0,-2,29,35,-53
226,231,-8,0,0,-2,29,35,-53
96,249,-8,-1,0,-2,29,35,-53
-49,249,-8,-2,0,-2,29,35,-53
-158,249,-8,-2,1,-2,29,35,-53
-245,249,-8,-2,0,-2,29,35,-53
-250,249,-8,-2,0,-1,29,35,-53
-250,249,-7,-2,0,-1,29,35,-53
-250,249,-7,-2,0,0,29,35,-53
-250,249,-7,-1,0,0,29,35,-53
-250,249,-8,-1,0,0,29,35,-53
-250,249,-7,-1,0,1,46,44,-47
-250,249,-7,0,0,1,46,44,-47
-250,249,-8,0,0,1,46,44,-47
-235,249,-8,0,0,1,46,44,-47
-186,249,-7,0,0,1,46,44,-47
-198,249,-8,0,0,0,46,44,-47
-250,249,-7,0,0,0,46,44,-47
-250,249,-7,0,0,0,46,44,-47
-250,249,-7,0,0,1,46,44,-47
-250,249,-7,0,0,1,46,44,-47
-250,249,-8,0,0,1,46,44,-47
-221,226,-7,0,-1,1,46,44,-47
-149,120,-8,1,-1,1,42,44,-56
53,-12,-7,1,-1,1,42,44,-56
249,-149,-8,1,-1,1,42,44,-56
249,-243,-8,0,-1,1,42,44,-56
249,-250,-8,0,0,1,42,44,-56
249,-250,-8,0,0,1,42,44,-56
249,-250,-8,0,0,0,42,44,-56
249,-250,-8,0,0,1,42,44,-56
249,-250,-8,0,0,1,42,44,-56
249,-250,-8,0,0,1,42,44,-56
249,-250,-8,0,-1,1,42,44,-56
249,-250,-8,0,-2,0,42,44,-56
249,-250,-8,0,-2,0,16,39,-60
249,-250,-8,0,0,-1,16,39,-60
249,-250,-8,0,0,-2,16,39,-60
249,-225,-8,0,0,-2,16,39,-60
249,-83,-8,0,0,-2,16,39,-60
238,46,-8,-1,0,-2,16,39,-60
140,174,-8,-1,0,-2,16,39,-60
58,249,-8,-1,0,-2,16,39,-60
-10,249,-8,-1,0,-2,16,39,-60
-46,249,-8,-2,0,-1,16,39,-60
-68,249,-8,-2,0,-1,16,39,-60
-110,249,-8,-2,0,-1,16,39,-60
-165,249,-8,-2,0,-1,16,39,-60
-202,249,-7,-2,0,-1,34,34,-43
-200,249,-7,-2,0,0,34,34,-43
-161,249,-7,-2,0,0,34,34,-43
-119,249,-8,-2,0,0,34,34,-43
-113,249,-8,-2,0,0,34,34,-43
-142,249,-8,-1,0,1,34,34,-43
-188,249,-7,-1,0,1,34,34,-43
-214,249,-7,-1,0,1,34,34,-43
-214,243,-8,-1,0,1,34,34,-43
-201,179,-7,-1,0,1,34,34,-43
-191,133,-7,-1,0,1,34,34,-43
-182,116,-8,-1,0,0,34,34,-43
-172,116,-7,-1,0,0,50,58,-48
-168,127,-7,0,0,0,50,58,-48
-165,150,-7,0,0,0,50,58,-48
-151,181,-8,0,0,0,50,58,-48
-116,211,-7,0,-1,0,50,58,-48
-70,223,-7,0,-1,0,50,58,-48
-26,213,-7,0,-1,0,50,58,-48
40,200,-8,0,-1,0,50,58,-48
139,177,-7,1,-1,0,50,58,-48
249,133,-8,1,-1,1,50,58,-48
249,72,-8,1,0,1,50,58,-48
249,-1,-7,1,0,1,50,58,-48
249,-67,-8,1,0,1,46,48,-53
249,-98,-7,1,0,0,46,48,-53
249,-86,-8,1,0,0,46,48,-53
249,-44,-8,1,0,0,46,48,-53
249,3,-8,1,0,0,46,48,-53
249,40,-8,1,0,0,46,48,-53
249,59,-8,1,0,0,46,48,-53
249,49,-8,1,0,0,46,48,-53
249,14,-8,1,0,0,46,48,-53
249,-51,-8,1,0,0,46,48,-53
249,-126,-8,1,0,0,46,48,-53
249,-180,-8,1,0,0,46,48,-53
249,-189,-8,0,0,0,46,48,-53
249,-152,-8,0,0,-1,24,41,-62
249,-94,-8,0,0,-1,24,41,-62
249,-44,-8,0,0,-1,24,41,-62
249,-13,-8,0,0,0,24,41,-62
249,-23,-8,0,0,0,24,41,-62
249,-39,-8,0,0,0,24,41,-62
249,-26,-8,0,0,0,24,41,-62
249,22,-8,-1,0,-1,24,41,-62
202,92,-8,-1,0,-1,24,41,-62
95,176,-8,-1,0,-2,24,41,-62
-29,249,-8,-2,0,-2,24,41,-62
-152,249,-8,-2,0,-2,24,41,-62
-241,249,-8,-2,0,-2,20,33,-38
-250,249,-8,-2,0,-1,20,33,-38
-249,249,-8,-2,0,-1,20,33,-38
-233,249,-8,-1,0,0,20,33,-38
-225,249,-8,-1,0,0,20,33,-38
-233,249,-7,-1,0,0,20,33,-38
-250,249,-7,-1,0,0,20,33,-38
-250,249,-8,-1,0,0,20,33,-38
-250,249,-7,-1,0,0,20,33,-38
-250,249,-8,-1,0,0,20,33,-38
-243,249,-8,-1,0,0,20,33,-38
-213,249,-7,-1,0,1,20,33,-38
-178,249,-8,0,0,1,33,33,-40
-140,249,-7,0,0,1,33,33,-40
-98,249,-7,0,0,1,33,33,-40
-52,249,-7,0,0,1,33,33,-40
-14,249,-8,0,0,1,33,33,-40
3,249,-8,0,0,1,33,33,-40
3,240,-8,0,0,1,33,33,-40
10,100,-8,0,0,1,33,33,-40
45,-62,-7,0,0,1,33,33,-40
117,-231,-8,0,0,1,33,33,-40
227,-250,-8,0,0,1,33,33,-40
249,-250,-7,0,0,1,33,33,-40
249,-250,-8,0,0,1,33,33,-40
249,-250,-8,0,0,1,37,44,-60
249,-250,-8,0,0,0,37,44,-60
249,-250,-8,-1,0,0,37,44,-60
249,-250,-8,-1,0,0,37,44,-60
249,-250,-7,-1,0,0,37,44,-60
249,-250,-7,0,0,0,37,44,-60
249,-250,-8,0,0,0,37,44,-60
249,-250,-8,0,0,0,37,44,-60
249,-250,-8,0,0,-1,37,44,-60
249,-250,-8,0,0,-1,37,44,-60
249,-250,-8,0,0,-2,37,44,-60
249,-250,-8,0,0,-2,37,44,-60
249,-128,-8,0,0,-2,18,36,-57
146,12,-8,0,0,-2,18,36,-57
49,135,-8,0,0,-2,18,36,-57
-13,241,-8,0,0,-2,18,36,-57
-56,249,-8,-1,0,-2,18,36,-57
-104,249,-8,-1,0,-2,18,36,-57
-156,249,-8,-1,0,-2,18,36,-57
-201,249,-8,-2,0,-1,18,36,-57
-220,249,-8,-2,0,-1,18,36,-57
-222,249,-8,-2,0,-1,18,36,-57
-235,249,-7,-2,0,-1,18,36,-57
-250,249,-7,-2,0,-1,18,36,-57
-250,249,-8,-2,0,-1,40,39,-38
-250,249,-7,-2,0,0,40,39,-38
-250,249,-7,-1,-1,0,40,39,-38
-250,249,-7,-1,-1,0,40,39,-38
-250,249,-7,-1,-1,0,40,39,-38
-250,249,-8,-1,-1,0,40,39,-38
-250,249,-7,-1,-1,0,40,39,-38
-250,249,-8,0,-1,1,40,39,-38
-250,249,-7,0,0,1,40,39,-38
-250,249,-7,0,0,1,40,39,-38
-236,249,-8,0,0,1,40,39,-38
-106,105,-8,0,0,1,40,39,-38
77,-97,-8,0,0,1,40,39,-38
249,-250,-8,0,0,1,38,42,-60
249,-250,-8,0,0,1,38,42,-60
249,-250,-8,0,0,1,38,42,-60
249,-250,-8,0,0,1,38,42,-60
249,-250,-7,0,0,0,38,42,-60
249,-250,-8,0,0,0,38,42,-60
249,-250,-7,-1,0,1,38,42,-60
249,-250,-7,-1,0,1,38,42,-60
249,-250,-8,-1,0,1,38,42,-60
249,-250,-8,0,-2,0,38,42,-60
249,-250,-8,0,-2,0,38,42,-60
249,-250,-8,0,0,-1,38,42,-60
249,-250,-8,0,0,-2,11,43,-61
249,-250,-8,0,0,-2,11,43,-61
249,-174,-8,0,0,-2,11,43,-61
249,-48,-8,-1,0,-2,11,43,-61
230,77,-8,-1,0,-2,11,43,-61
141,200,-8,-1,0,-2,11,43,-61
82,249,-8,-1,0,-2,11,43,-61
24,249,-8,-2,0,-2,11,43,-61
-54,249,-8,-2,0,-2,11,43,-61
-154,249,-8,-2,0,-2,11,43,-61
-226,249,-8,-2,0,-1,11,43,-61
-210,249,-7,-2,0,0,11,43,-61
-131,249,-8,-2,0,0,33,34,-39
-72,249,-7,-2,0,0,33,34,-39
-54,249,-7,-2,0,0,33,34,-39
-97,249,-7,-1,0,0,33,34,-39
-198,249,-7,-1,0,0,33,34,-39
-250,249,-7,-1,0,0,33,34,-39
-250,249,-7,-1,0,0,33,34,-39
-250,249,-7,-1,0,0,33,34,-39
-250,249,-7,-1,-1,0,33,34,-39
-250,249,-7,-1,-1,0,33,34,-39
-250,249,-7,0,0,0,33,34,-39
-250,249,-7,0,0,1,33,34,-39
-250,249,-8,0,0,1,33,34,-39
-158,249,-8,0,0,1,35,34,-51
-52,249,-7,0,0,1,35,34,-51
61,248,-8,0,0,1,35,34,-51
172,92,-8,0,0,1,35,34,-51
249,-62,-7,0,0,1,35,34,-51
249,-207,-8,0,0,1,35,34,-51
249,-250,-8,0,0,1,35,34,-51
249,-250,-7,0,0,1,35,34,-51
249,-250,-8,0,0,1,35,34,-51
249,-250,-8,0,0,1,35,34,-51
249,-250,-8,0,0,0,35,34,-51
249,-250,-7,0,0,0,35,34,-51
249,-250,-8,0,0,0,40,54,-64
249,-250,-8,0,0,0,40,54,-64
249,-250,-8,0,0,0,40,54,-64
249,-250,-7,0,0,0,40,54,-64
249,-250,-8,0,0,0,40,54,-64
249,-250,-8,0,0,0,40,54,-64
249,-250,-8,0,0,0,40,54,-64
249,-250,-8,0,0,-1,40,54,-64
249,-250,-8,0,0,-1,40,54,-64
249,-250,-8,0,0,-1,40,54,-64
249,-179,-8,0,0,-1,40,54,-64
249,-100,-8,0,0,-1,40,54,-64
210,-31,-8,0,0,-1,40,54,-64
188,36,-8,0,0,-1,17,51,-68
181,102,-8,-1,0,-1,17,51,-68
174,162,-8,-1,0,-1,17,51,-68
146,206,-8,-1,0,-1,17,51,-68
108,246,-8,-1,0,-1,17,51,-68
75,249,-8,-1,0,-1,17,51,-68
40,249,-8,-1,0,-1,17,51,-68
-18,249,-8,-1,0,-1,17,51,-68
-85,249,-8,-2,0,-1,17,51,-68
-109,249,-8,-2,0,-1,17,51,-68
-79,249,-7,-2,0,0,17,51,-68
-40,249,-8,-2,0,0,17,51,-68
-47,249,-7,-2,0,0,25,34,-48
-108,249,-7,-2,0,-1,25,34,-48
-165,249,-8,-2,0,0,25,34,-48
-170,249,-7,-2,0,0,25,34,-48
-155,249,-8,-2,0,0,25,34,-48
-162,249,-7,-2,0,0,25,34,-48
-197,249,-7,-2,0,0,25,34,-48
-233,249,-7,-2,0,0,25,34,-48
-250,249,-7,-1,0,0,25,34,-48
-250,249,-7,-1,0,0,25,34,-48
-250,249,-7,-1,0,0,25,34,-48
-250,249,-7,-1,0,0,25,34,-48
-250,249,-7,0,0,0,41,42,-57
-230,249,-7,0,0,0,41,42,-57
-180,249,-7,0,0,1,41,42,-57
-137,168,-7,0,0,1,41,42,-57
-64,93,-8,0,0,1,41,42,-57
30,50,-8,1,0,0,41,42,-57
151,60,-8,1,0,0,41,42,-57
249,131,-8,1,0,0,41,42,-57
249,237,-8,1,0,0,41,42,-57
249,249,-8,1,0,-1,41,42,-57
249,249,-8,1,0,0,41,42,-57
249,249,-8,1,0,0,41,42,-57
249,249,-8,0,0,0,41,42,-57
249,249,-8,0,0,0,35,59,-70
249,228,-8,0,0,0,35,59,-70
249,145,-8,0,0,0,35,59,-70
249,86,-8,0,0,0,35,59,-70
249,46,-7,0,0,0,35,59,-70
249,24,-8,1,0,0,35,59,-70
249,15,-8,1,0,0,35,59,-70
170,8,-8,1,0,0,35,59,-70
123,-15,-8,0,0,0,35,59,-70
77,-65,-8,0,0,0,35,59,-70
29,-139,-8,0,0,0,35,59,-70
21,-225,-8,0,0,0,35,59,-70
56,-250,-8,0,0,0,41,48,-60
74,-250,-8,1,0,0,41,48,-60
67,-250,-8,1,0,0,41,48,-60
73,-250,-8,1,0,0,41,48,-60
69,-250,-8,1,0,0,41,48,-60
27,-250,-8,1,0,-1,41,48,-60
-5,-250,-8,1,0,-1,41,48,-60
23,-250,-8,0,0,0,41,48,-60
120,-250,-8,0,0,0,41,48,-60
216,-250,-8,0,0,0,41,48,-60
249,-250,-8,0,0,-1,41,48,-60
249,-250,-8,0,0,-1,41,48,-60
249,-192,-8,0,0,-1,14,47,-63
249,-87,-8,0,0,-1,14,47,-63
229,20,-8,0,0,-2,14,47,-63
148,116,-8,0,0,-2,14,47,-63
81,213,-8,-1,0,-2,14,47,-63
68,249,-8,-1,0,-1,14,47,-63
86,249,-8,-1,0,-1,14,47,-63
105,249,-8,-1,0,-1,14,47,-63
106,249,-8,-1,0,-1,14,47,-63
83,249,-8,-1,0,-1,14,47,-63
45,249,-8,-1,0,-1,14,47,-63
18,249,-8,-1,0,-1,14,47,-63
20,249,-8,-1,0,0,14,47,-63
45,249,-7,-1,0,0,21,34,-52
62,249,-8,-2,0,0,21,34,-52
41,249,-8,-2,0,0,21,34,-52
0,249,-7,-2,0,0,21,34,-52
0,249,-7,-2,0,0,21,34,-52
52,249,-8,-2,0,0,21,34,-52
92,249,-7,-2,0,0,21,34,-52
55,249,-7,-2,0,0,21,34,-52
-66,249,-7,-1,0,0,21,34,-52
-203,239,-7,-1,0,0,21,34,-52
-250,249,-7,-1,0,0,21,34,-52
-250,249,-7,-1,0,0,21,34,-52
-250,249,-7,-1,0,0,47,46,-48
-250,249,-7,-1,0,0,47,46,-48
-250,249,-7,0,0,0,47,46,-48
-250,249,-7,0,0,1,47,46,-48
-250,243,-7,0,0,1,47,46,-48
-191,238,-7,0,0,1,47,46,-48
-112,249,-7,0,0,0,47,46,-48
-50,249,-7,0,0,1,47,46,-48
-10,227,-7,1,0,1,47,46,-48
13,185,-7,1,0,1,47,46,-48
12,111,-7,1,0,1,47,46,-48
28,45,-7,1,0,1,47,46,-48
80,0,-8,1,0,1,45,45,-49
141,-23,-8,1,0,1,45,45,-49
178,-17,-8,1,0,0,45,45,-49
185,2,-8,1,0,0,45,45,-49
166,7,-8,1,0,0,45,45,-49
149,-14,-7,1,0,0,45,45,-49
125,-49,-8,1,0,0,45,45,-49
102,-71,-8,0,0,0,45,45,-49
81,-70,-8,0,0,0,45,45,-49
38,-39,-8,0,0,0,45,45,-49
-42,9,-8,0,0,-1,45,45,-49
-133,60,-8,0,0,-1,45,45,-49
-194,110,-8,0,0,0,45,45,-49
-208,156,-8,0,1,0,49,51,-50
-193,172,-7,0,0,0,49,51,-50
-172,146,-8,0,0,0,49,51,-50
-162,116,-8,0,0,0,49,51,-50
-177,77,-8,0,0,0,49,51,-50
-223,35,-8,0,0,0,49,51,-50
-250,15,-7,0,0,0,49,51,-50
-250,14,-7,0,0,0,49,51,-50
-188,31,-7,0,0,1,49,51,-50
-99,38,-7,0,0,1,49,51,-50
-13,21,-7,0,0,1,49,51,-50
58,-13,-7,1,0,1,49,51,-50
141,-64,-8,1,0,1,38,39,-50
246,-162,-8,1,0,1,38,39,-50
249,-250,-8,0,0,1,38,39,-50
249,-250,-8,0,0,1,38,39,-50
249,-250,-7,0,0,1,38,39,-50
249,-250,-8,0,0,0,38,39,-50
249,-250,-8,0,0,0,38,39,-50
249,-250,-8,0,0,0,38,39,-50
249,-250,-8,0,0,0,38,39,-50
249,-250,-8,0,0,0,38,39,-50
249,-250,-8,0,0,0,38,39,-50
249,-250,-8,0,0,-1,38,39,-50
249,-216,-8,0,0,-1,23,32,-53
249,-152,-8,0,0,-1,23,32,-53
249,-68,-8,0,0,-1,23,32,-53
178,33,-8,0,0,-2,23,32,-53
86,138,-8,0,0,-2,23,32,-53
-25,223,-8,0,0,-2,23,32,-53
-132,249,-8,-1,0,-1,23,32,-53
-193,249,-8,-1,0,-1,23,32,-53
-190,249,-8,-1,0,-1,23,32,-53
-150,249,-8,-1,0,0,23,32,-53
-125,249,-8,-1,0,0,23,32,-53
-141,249,-8,-1,0,0,23,32,-53
-187,249,-8,-1,0,0,23,32,-53
-244,249,-8,0,0,0,33,34,-44
-250,249,-7,0,0,0,33,34,-44
-250,249,-7,0,0,0,33,34,-44
-250,249,-8,0,0,0,33,34,-44
-250,249,-7,0,0,1,33,34,-44
-239,249,-7,0,0,1,33,34,-44
-173,249,-7,0,0,1,33,34,-44
-96,249,-8,0,0,1,33,34,-44
-14,249,-7,0,0,1,33,34,-44
39,212,-8,0,0,1,33,34,-44
67,149,-8,0,0,1,33,34,-44
80,89,-8,0,0,1,33,34,-44
92,28,-8,0,0,1,34,35,-49
117,-42,-8,0,0,1,34,35,-49
145,-131,-8,0,0,1,34,35,-49
157,-243,-8,0,0,1,34,35,-49
160,-250,-8,0,0,1,34,35,-49
166,-250,-8,0,0,1,34,35,-49
197,-250,-8,0,0,1,34,35,-49
249,-250,-7,0,0,1,34,35,-49
249,-250,-8,0,0,1,34,35,-49
249,-250,-8,0,0,0,34,35,-49
249,-250,-8,0,0,0,34,35,-49
249,-250,-8,0,0,0,34,35,-49
249,-250,-8,0,0,0,34,35,-49
249,-250,-8,0,0,0,25,37,-59
249,-250,-8,0,0,0,25,37,-59
249,-250,-8,0,0,-1,25,37,-59
249,-250,-8,0,0,-2,25,37,-59
249,-250,-8,0,0,-2,25,37,-59
249,-244,-8,0,0,-2,25,37,-59
235,-84,-8,0,0,-2,25,37,-59
230,64,-8,0,0,-2,25,37,-59
203,210,-8,0,0,-2,25,37,-59
148,249,-8,0,0,-2,25,37,-59
75,249,-8,0,0,-2,25,37,-59
-3,249,-8,-1,0,-2,25,37,-59
-83,249,-8,-1,0,-1,20,33,-46
-148,249,-7,-1,0,-1,20,33,-46
-182,249,-7,-1,0,0,20,33,-46
-179,249,-7,-1,0,0,20,33,-46
-150,249,-8,-1,0,0,20,33,-46
-110,249,-7,-1,0,0,20,33,-46
-77,249,-7,-1,0,0,20,33,-46
-64,249,-7,-1,0,0,20,33,-46
-75,249,-7,-1,0,0,20,33,-46
-101,249,-8,0,0,0,20,33,-46
-130,249,-8,0,0,0,20,33,-46
-154,249,-8,0,0,0,20,33,-46
-175,249,-8,0,0,0,31,33,-45
-182,249,-7,0,0,0,31,33,-45
-172,249,-7,0,0,0,31,33,-45
-141,249,-7,0,0,0,31,33,-45
-92,249,-8,0,0,0,31,33,-45
-35,249,-7,0,0,1,31,33,-45
19,249,-8,0,0,1,31,33,-45
71,249,-7,0,0,1,31,33,-45
120,249,-8,0,0,1,31,33,-45
151,203,-7,0,0,1,31,33,-45
145,111,-8,0,0,1,31,33,-45
109,-6,-8,0,0,1,31,33,-45
79,-137,-8,0,0,1,31,33,-45
98,-250,-8,0,0,1,35,35,-47
159,-250,-7,0,0,1,35,35,-47
213,-250,-8,0,0,1,35,35,-47
233,-250,-8,0,0,1,35,35,-47
240,-250,-7,0,0,1,35,35,-47
249,-250,-7,0,0,1,35,35,-47
249,-250,-7,0,0,0,35,35,-47
249,-250,-8,0,0,0,35,35,-47
249,-250,-8,0,0,0,35,35,-47
249,-250,-8,0,0,0,35,35,-47
249,-250,-8,0,0,0,35,35,-47
249,-250,-8,0,0,-1,35,35,-47
249,-250,-8,0,0,-1,17,37,-54
249,-250,-8,0,0,-2,17,37,-54
249,-219,-8,0,0,-2,17,37,-54
249,-93,-8,0,0,-1,17,37,-54
249,44,-8,0,0,-2,17,37,-54
249,177,-8,0,0,-2,17,37,-54
197,249,-8,-1,0,-2,17,37,-54
123,249,-8,-1,0,-1,17,37,-54
92,249,-8,-1,0,-1,17,37,-54
82,249,-8,-1,0,-1,17,37,-54
69,249,-8,-1,0,-1,17,37,-54
28,249,-8,-1,0,0,17,37,-54
-41,249,-7,-1,0,0,34,35,-44
-130,249,-8,-1,0,0,34,35,-44
-207,249,-7,-1,0,0,34,35,-44
-241,249,-8,-1,0,0,34,35,-44
-225,249,-7,-1,0,0,34,35,-44
-179,249,-7,-1,0,0,34,35,-44
-138,249,-7,-1,0,0,34,35,-44
-118,249,-8,-1,0,0,34,35,-44
-115,249,-7,0,0,0,34,35,-44
-119,249,-8,0,0,0,34,35,-44
-117,249,-8,0,0,0,34,35,-44
-107,249,-8,0,0,0,34,35,-44
-92,249,-7,0,0,0,34,35,-44
-71,249,-8,0,0,0,47,47,-50
-49,249,-7,0,0,0,47,47,-50
-30,249,-7,0,0,1,47,47,-50
-21,249,-8,0,0,1,47,47,-50
-18,249,-8,0,0,1,47,47,-50
5,242,-8,0,0,1,47,47,-50
83,145,-8,0,0,1,47,47,-50
208,1,-8,0,0,1,47,47,-50
249,-166,-7,0,0,1,47,47,-50
249,-250,-7,0,0,1,47,47,-50
249,-250,-8,0,-1,1,47,47,-50
249,-250,-7,1,-1,1,47,47,-50
249,-250,-8,1,-1,0,37,36,-50
249,-250,-7,1,-1,0,37,36,-50
249,-250,-7,1,-1,0,37,36,-50
249,-250,-7,1,-1,0,37,36,-50
249,-250,-8,1,0,0,37,36,-50
249,-250,-7,1,0,0,37,36,-50
249,-250,-8,1,0,0,37,36,-50
249,-250,-8,0,0,0,37,36,-50
249,-250,-8,0,0,-1,37,36,-50
249,-250,-8,0,0,-1,37,36,-50
249,-148,-8,0,0,-2,37,36,-50
249,-6,-8,0,0,-2,37,36,-50
243,138,-8,0,0,-2,29,35,-51
164,249,-8,-1,0,-2,29,35,-51
88,249,-8,-1,0,-2,29,35,-51
31,249,-8,-1,0,-1,29,35,-51
-7,249,-7,-1,0,-1,29,35,-51
-59,249,-8,-1,0,0,29,35,-51
-121,249,-8,-1,0,0,29,35,-51
